episode,total_score,max_tile,num_moves,valid_moves,invalid_moves,wall_clock_seconds,training_steps
1,324,32,55,55,0,0.18503189086914062,55
2,724,64,89,89,0,0.048638343811035156,144
3,1352,128,140,140,0,0.07680344581604004,284
4,2292,256,194,194,0,0.10609078407287598,478
5,2996,256,246,246,0,0.13306212425231934,724
6,1760,128,166,166,0,0.09027886390686035,890
7,940,64,111,111,0,0.061450958251953125,1001
8,776,64,96,96,0,0.050868988037109375,1097
9,1328,128,139,139,0,0.0761563777923584,1236
10,2380,256,198,198,0,0.10777997970581055,1434
11,616,64,84,84,0,0.04609322547912598,1518
12,1256,128,132,132,0,0.07063484191894531,1650
13,756,64,93,93,0,0.050469160079956055,1743
14,1016,128,109,109,0,0.0596470832824707,1852
15,1312,128,135,135,0,0.07276344299316406,1987
16,196,16,45,45,0,0.024111509323120117,2032
17,1000,128,109,109,0,0.061980485916137695,2141
18,872,64,105,105,0,0.05719184875488281,2246
19,1092,128,116,116,0,0.062233686447143555,2362
20,452,32,74,74,0,0.04074406623840332,2436
21,652,64,86,86,0,0.04677271842956543,2522
22,2556,256,223,223,0,0.12033629417419434,2745
23,948,64,112,112,0,0.06102180480957031,2857
24,1384,128,146,146,0,0.07898259162902832,3003
25,920,64,109,109,0,0.05829739570617676,3112
26,360,32,64,64,0,0.03489351272583008,3176
27,628,64,82,82,0,0.04491305351257324,3258
28,1016,128,109,109,0,0.05894875526428223,3367
29,3060,256,251,251,0,0.13643383979797363,3618
30,1448,128,151,151,0,0.08210539817810059,3769
31,1856,128,177,177,0,0.09566807746887207,3946
32,708,64,94,94,0,0.05055117607116699,4040
33,744,64,99,99,0,0.05425572395324707,4139
34,696,64,92,92,0,0.04929947853088379,4231
35,428,32,70,70,0,0.03850150108337402,4301
36,632,64,88,88,0,0.04719281196594238,4389
37,652,64,86,86,0,0.04679298400878906,4475
38,1352,128,141,141,0,0.07569694519042969,4616
39,1460,128,153,153,0,0.08279895782470703,4769
40,636,64,88,88,0,0.047827959060668945,4857
41,2740,256,223,223,0,0.5161285400390625,5080
42,496,64,72,72,0,0.27227115631103516,5152
43,2120,256,180,180,0,0.6772506237030029,5332
44,1560,128,159,159,0,0.5331175327301025,5491
45,1344,128,141,141,0,0.49332380294799805,5632
46,716,64,96,96,0,0.36633801460266113,5728
47,1372,128,144,144,0,0.5865275859832764,5872
48,2364,256,200,200,0,0.8403081893920898,6072
49,1616,128,164,164,0,0.5232775211334229,6236
50,896,64,109,109,0,0.34536242485046387,6345
51,1228,128,123,123,0,0.394150972366333,6468
52,1416,128,148,148,0,0.4713146686553955,6616
53,600,64,83,83,0,0.2628047466278076,6699
54,1664,128,169,169,0,0.5426063537597656,6868
55,2356,256,201,201,0,0.6470017433166504,7069
56,876,64,106,106,0,0.339984655380249,7175
57,1476,128,154,154,0,0.49823999404907227,7329
58,584,64,81,81,0,0.260453462600708,7410
59,980,128,105,105,0,0.38453197479248047,7515
60,544,64,76,76,0,0.2444460391998291,7591
61,1328,128,138,138,0,0.447373628616333,7729
62,768,64,99,99,0,0.31604838371276855,7828
63,1544,128,160,160,0,0.5162906646728516,7988
64,1432,128,148,148,0,0.4739091396331787,8136
65,700,64,93,93,0,0.2994101047515869,8229
66,1280,128,131,131,0,0.43842411041259766,8360
67,888,64,112,112,0,0.44141173362731934,8472
68,288,32,55,55,0,0.17589855194091797,8527
69,716,64,96,96,0,0.31020331382751465,8623
70,672,64,93,93,0,0.30526185035705566,8716
71,832,64,106,106,0,0.34136343002319336,8822
72,1176,128,120,120,0,0.38822460174560547,8942
73,1512,128,156,156,0,0.5016109943389893,9098
74,1372,128,144,144,0,0.46478796005249023,9242
75,1456,128,153,153,0,0.49280452728271484,9395
76,852,64,103,103,0,0.3352353572845459,9498
77,648,64,89,89,0,0.35868000984191895,9587
78,884,64,108,108,0,0.43067359924316406,9695
79,1544,128,159,159,0,0.6460788249969482,9854
80,720,64,97,97,0,0.41595029830932617,9951
81,1296,128,134,134,0,0.5301511287689209,10085
82,920,64,112,112,0,0.4637911319732666,10197
83,1060,128,115,115,0,0.4718952178955078,10312
84,788,64,100,100,0,0.3964970111846924,10412
85,600,64,82,82,0,0.3352944850921631,10494
86,652,64,86,86,0,0.3667018413543701,10580
87,1180,128,121,121,0,0.4806232452392578,10701
88,1368,128,143,143,0,0.5725846290588379,10844
89,672,64,90,90,0,0.3710508346557617,10934
90,984,128,106,106,0,0.44809484481811523,11040
91,692,64,92,92,0,0.373321533203125,11132
92,612,64,84,84,0,0.3379404544830322,11216
93,1332,128,139,139,0,0.6017887592315674,11355
94,700,64,96,96,0,0.3861877918243408,11451
95,576,64,79,79,0,0.33602333068847656,11530
96,640,64,84,84,0,0.3421971797943115,11614
97,976,64,115,115,0,0.45055413246154785,11729
98,888,64,108,108,0,0.4410061836242676,11837
99,872,64,105,105,0,0.4301471710205078,11942
100,744,64,99,99,0,0.43117213249206543,12041
101,940,64,115,115,0,0.4727933406829834,12156
102,876,128,92,92,0,0.36783576011657715,12248
103,1356,128,143,143,0,0.5887503623962402,12391
104,920,64,112,112,0,0.45094919204711914,12503
105,1336,128,137,137,0,0.5544092655181885,12640
106,1168,128,126,126,0,0.5269186496734619,12766
107,1264,128,131,131,0,0.5257699489593506,12897
108,1412,128,150,150,0,0.6385231018066406,13047
109,1340,128,140,140,0,0.5980846881866455,13187
110,420,32,68,68,0,0.268996000289917,13255
111,1332,128,138,138,0,0.5486154556274414,13393
112,500,64,74,74,0,0.2951364517211914,13467
113,664,64,89,89,0,0.3774251937866211,13556
114,1640,128,167,167,0,0.7002072334289551,13723
115,1392,128,143,143,0,0.560666561126709,13866
116,912,128,99,99,0,0.38305115699768066,13965
117,704,64,97,97,0,0.3920409679412842,14062
118,340,32,58,58,0,0.2292180061340332,14120
119,884,64,107,107,0,0.4426846504211426,14227
120,1480,128,155,155,0,0.6198873519897461,14382
121,2332,256,195,195,0,0.7872920036315918,14577
122,1356,128,138,138,0,0.6051905155181885,14715
123,1728,128,163,163,0,0.656879186630249,14878
124,2036,256,171,171,0,0.7308800220489502,15049
125,404,32,67,67,0,0.286806583404541,15116
126,704,64,93,93,0,0.3854670524597168,15209
127,644,64,88,88,0,0.35245490074157715,15297
128,2104,256,177,177,0,0.7166481018066406,15474
129,1280,128,131,131,0,0.5312800407409668,15605
130,832,64,100,100,0,0.4278552532196045,15705
131,812,64,105,105,0,0.42673373222351074,15810
132,984,128,105,105,0,0.4456479549407959,15915
133,280,32,54,54,0,0.2149491310119629,15969
134,468,64,68,68,0,0.2866196632385254,16037
135,692,64,92,92,0,0.38103437423706055,16129
136,1928,128,180,180,0,0.7696106433868408,16309
137,544,64,75,75,0,0.30815935134887695,16384
138,640,64,89,89,0,0.3642246723175049,16473
139,220,32,45,45,0,0.19566774368286133,16518
140,1724,128,162,162,0,0.6679825782775879,16680
141,1340,128,138,138,0,0.5441439151763916,16818
142,1248,128,130,130,0,0.5646278858184814,16948
143,288,32,55,55,0,0.24050426483154297,17003
144,2448,256,209,209,0,0.8857572078704834,17212
145,1456,128,150,150,0,0.6613688468933105,17362
146,1744,128,177,177,0,0.7392375469207764,17539
147,1356,128,141,141,0,0.5679769515991211,17680
148,772,64,100,100,0,0.410341739654541,17780
149,676,64,91,91,0,0.3716738224029541,17871
150,424,32,69,69,0,0.28647947311401367,17940
151,524,64,77,77,0,0.3091592788696289,18017
152,1448,128,151,151,0,0.6315968036651611,18168
153,568,64,78,78,0,0.313739538192749,18246
154,668,64,92,92,0,0.4461333751678467,18338
155,600,64,83,83,0,0.3396332263946533,18421
156,980,128,104,104,0,0.4378190040588379,18525
157,944,64,114,114,0,0.47703075408935547,18639
158,1440,128,150,150,0,0.6233267784118652,18789
159,536,64,77,77,0,0.31353235244750977,18866
160,696,64,92,92,0,0.4126110076904297,18958
161,2520,256,212,212,0,0.8182508945465088,19170
162,748,64,100,100,0,0.357222318649292,19270
163,1016,128,109,109,0,0.40756845474243164,19379
164,1352,128,140,140,0,0.5020678043365479,19519
165,408,32,68,68,0,0.2442328929901123,19587
166,652,64,86,86,0,0.355379581451416,19673
167,2436,256,206,206,0,0.7789201736450195,19879
168,1168,128,126,126,0,0.46971559524536133,20005
169,696,64,92,92,0,0.36989402770996094,20097
170,1088,128,118,118,0,0.49564480781555176,20215
171,416,32,70,70,0,0.30045413970947266,20285
172,612,64,84,84,0,0.35855722427368164,20369
173,1160,128,124,124,0,0.5032081604003906,20493
174,2364,256,200,200,0,0.8638055324554443,20693
175,956,64,113,113,0,0.4660155773162842,20806
176,2508,256,209,209,0,0.9069275856018066,21015
177,1012,128,108,108,0,0.4548680782318115,21123
178,1224,128,129,129,0,0.569788932800293,21252
179,732,64,90,90,0,0.41280150413513184,21342
180,1340,128,141,141,0,0.6003503799438477,21483
181,540,64,75,75,0,0.32344937324523926,21558
182,312,32,55,55,0,0.2925124168395996,21613
183,1332,128,139,139,0,0.5913898944854736,21752
184,864,64,104,104,0,0.450239896774292,21856
185,680,64,94,94,0,0.386885404586792,21950
186,920,64,112,112,0,0.4976637363433838,22062
187,908,128,98,98,0,0.4936552047729492,22160
188,1088,128,118,118,0,0.6243984699249268,22278
189,1060,128,115,115,0,0.5507287979125977,22393
190,584,64,81,81,0,0.3358957767486572,22474
191,712,64,95,95,0,0.40120816230773926,22569
192,704,64,94,94,0,0.42756056785583496,22663
193,1388,128,145,145,0,0.6336715221405029,22808
194,1456,128,152,152,0,0.6400818824768066,22960
195,1164,128,125,125,0,0.55019211769104,23085
196,732,64,97,97,0,0.4100348949432373,23182
197,656,64,87,87,0,0.36287355422973633,23269
198,604,64,82,82,0,0.3618335723876953,23351
199,1400,128,144,144,0,0.6594982147216797,23495
200,840,64,110,110,0,0.4468677043914795,23605
201,824,64,98,98,0,0.3536562919616699,23703
202,864,64,112,112,0,0.405731201171875,23815
203,336,32,62,62,0,0.2244429588317871,23877
204,432,64,64,64,0,0.2349255084991455,23941
205,1348,128,141,141,0,0.556140661239624,24082
206,896,64,109,109,0,0.39803481101989746,24191
207,1604,128,160,160,0,0.5816314220428467,24351
208,1628,128,164,164,0,0.5952885150909424,24515
209,2444,256,208,208,0,0.7640049457550049,24723
210,584,64,81,81,0,0.34293675422668457,24804
211,920,64,112,112,0,0.4774305820465088,24916
212,492,64,68,68,0,0.28473734855651855,24984
213,1632,128,165,165,0,0.7021200656890869,25149
214,1200,128,127,127,0,0.529010534286499,25276
215,1672,128,160,160,0,0.6847946643829346,25436
216,1204,128,128,128,0,0.5714290142059326,25564
217,1376,128,144,144,0,0.5947279930114746,25708
218,1316,128,136,136,0,0.596062183380127,25844
219,1400,128,144,144,0,0.6227109432220459,25988
220,1008,64,121,121,0,0.5172421932220459,26109
221,848,64,106,106,0,0.44290971755981445,26215
222,1180,128,125,125,0,0.521411657333374,26340
223,316,32,58,58,0,0.23916125297546387,26398
224,1596,128,160,160,0,0.6767833232879639,26558
225,596,64,83,83,0,0.3434576988220215,26641
226,920,64,114,114,0,0.47224974632263184,26755
227,1376,128,145,145,0,0.6211123466491699,26900
228,452,32,74,74,0,0.32271313667297363,26974
229,696,64,92,92,0,0.39682650566101074,27066
230,928,64,113,113,0,0.4783780574798584,27179
231,700,64,93,93,0,0.3928046226501465,27272
232,1236,128,128,128,0,0.58841872215271,27400
233,580,64,80,80,0,0.3637237548828125,27480
234,1576,128,164,164,0,0.7638826370239258,27644
235,1372,128,141,141,0,0.5211107730865479,27785
236,1476,128,148,148,0,0.5715823173522949,27933
237,1476,128,154,154,0,0.6164748668670654,28087
238,1296,128,134,134,0,0.4951908588409424,28221
239,1500,128,150,150,0,0.5516326427459717,28371
240,700,64,93,93,0,0.3426022529602051,28464
241,1304,128,133,133,0,0.4887840747833252,28597
242,720,64,95,95,0,0.34642982482910156,28692
243,356,32,61,61,0,0.22357439994812012,28753
244,652,64,86,86,0,0.3143956661224365,28839
245,2924,256,243,243,0,0.8911888599395752,29082
246,776,64,103,103,0,0.38051676750183105,29185
247,1380,128,145,145,0,0.5821046829223633,29330
248,756,64,99,99,0,0.42441368103027344,29429
249,556,64,78,78,0,0.36373376846313477,29507
250,396,32,66,66,0,0.35130786895751953,29573
251,1396,128,146,146,0,0.7082414627075195,29719
252,1312,128,136,136,0,0.5264041423797607,29855
253,552,64,80,80,0,0.2945561408996582,29935
254,724,64,97,97,0,0.3913242816925049,30032
255,1312,128,134,134,0,0.6063172817230225,30166
256,728,64,96,96,0,0.4222080707550049,30262
257,620,64,85,85,0,0.36574292182922363,30347
258,1120,128,119,119,0,0.4925363063812256,30466
259,916,64,111,111,0,0.4959580898284912,30577
260,1416,128,151,151,0,0.6468460559844971,30728
261,1176,128,127,127,0,0.5369703769683838,30855
262,1340,128,138,138,0,0.6002678871154785,30993
263,408,32,66,66,0,0.2768878936767578,31059
264,1192,128,124,124,0,0.6253299713134766,31183
265,1176,128,127,127,0,0.5715444087982178,31310
266,1220,128,134,134,0,0.5929477214813232,31444
267,900,128,97,97,0,0.44800519943237305,31541
268,1168,128,126,126,0,0.5384268760681152,31667
269,1564,128,164,164,0,0.7422993183135986,31831
270,1360,128,142,142,0,0.646869421005249,31973
271,476,64,70,70,0,0.30500197410583496,32043
272,572,64,79,79,0,0.3670327663421631,32122
273,1240,128,129,129,0,0.5795292854309082,32251
274,1244,128,129,129,0,0.5675270557403564,32380
275,2792,256,228,228,0,1.0039381980895996,32608
276,272,32,52,52,0,0.22241449356079102,32660
277,1044,128,112,112,0,0.4750945568084717,32772
278,3060,256,251,251,0,1.0645911693572998,33023
279,1128,128,121,121,0,0.5209379196166992,33144
280,464,32,71,71,0,0.30131077766418457,33215
281,792,64,99,99,0,0.42847609519958496,33314
282,288,32,55,55,0,0.2623414993286133,33369
283,648,64,91,91,0,0.38556480407714844,33460
284,1132,128,125,125,0,0.5407412052154541,33585
285,876,64,106,106,0,0.4753096103668213,33691
286,764,64,101,101,0,0.44530653953552246,33792
287,536,64,77,77,0,0.3301253318786621,33869
288,1304,128,136,136,0,0.6149780750274658,34005
289,656,64,87,87,0,0.3781397342681885,34092
290,620,64,85,85,0,0.3404808044433594,34177
291,596,64,83,83,0,0.3100743293762207,34260
292,656,64,87,87,0,0.3799161911010742,34347
293,932,64,114,114,0,0.4800834655761719,34461
294,608,64,83,83,0,0.36232972145080566,34544
295,620,64,85,85,0,0.32567644119262695,34629
296,1360,128,142,142,0,0.591925859451294,34771
297,776,64,103,103,0,0.47055935859680176,34874
298,2564,256,221,221,0,1.0630836486816406,35095
299,1316,128,136,136,0,0.5618152618408203,35231
300,2364,256,200,200,0,0.7279982566833496,35431
301,1500,128,150,150,0,0.5381801128387451,35581
302,884,64,107,107,0,0.38892316818237305,35688
303,468,64,68,68,0,0.24466776847839355,35756
304,1324,128,138,138,0,0.4972715377807617,35894
305,1192,128,124,124,0,0.4487767219543457,36018
306,904,64,111,111,0,0.40109872817993164,36129
307,628,64,84,84,0,0.31195855140686035,36213
308,1444,128,151,151,0,0.6016623973846436,36364
309,1032,128,112,112,0,0.49787068367004395,36476
310,1524,128,154,154,0,0.7318282127380371,36630
311,792,64,103,103,0,0.45454835891723633,36733
312,264,32,51,51,0,0.22437763214111328,36784
313,956,128,105,105,0,0.46569180488586426,36889
314,1612,128,162,162,0,0.8016672134399414,37051
315,1368,128,143,143,0,0.7573859691619873,37194
316,1324,128,141,141,0,0.7454609870910645,37335
317,2956,256,245,245,0,1.4654576778411865,37580
318,1104,128,118,118,0,0.5972213745117188,37698
319,860,64,105,105,0,0.554065465927124,37803
320,772,64,99,99,0,0.5136847496032715,37902
321,1084,128,117,117,0,0.6084659099578857,38019
322,1252,128,131,131,0,0.7153160572052002,38150
323,620,64,85,85,0,0.42426443099975586,38235
324,712,64,98,98,0,0.516664981842041,38333
325,1316,128,136,136,0,0.7380423545837402,38469
326,1440,128,150,150,0,0.819737434387207,38619
327,1376,128,144,144,0,0.765742301940918,38763
328,1056,128,114,114,0,0.5991358757019043,38877
329,824,64,101,101,0,0.5555462837219238,38978
330,620,64,85,85,0,0.45530128479003906,39063
331,384,32,65,65,0,0.32943224906921387,39128
332,1152,128,125,125,0,0.6506054401397705,39253
333,1348,128,142,142,0,0.7445826530456543,39395
334,524,32,80,80,0,0.4167811870574951,39475
335,1288,128,136,136,0,0.7387535572052002,39611
336,1316,128,136,136,0,0.7254638671875,39747
337,1292,128,136,136,0,0.7321884632110596,39883
338,1384,128,141,141,0,0.7762324810028076,40024
339,276,32,53,53,0,0.30165934562683105,40077
340,608,64,83,83,0,0.4441971778869629,40160
341,800,64,99,99,0,0.5166902542114258,40259
342,708,64,94,94,0,0.5380909442901611,40353
343,1516,128,153,153,0,0.8452341556549072,40506
344,1004,128,106,106,0,0.5614345073699951,40612
345,1432,128,148,148,0,0.9064443111419678,40760
346,660,64,86,86,0,0.4706113338470459,40846
347,1296,128,134,134,0,0.7026193141937256,40980
348,916,64,108,108,0,0.5461995601654053,41088
349,1312,128,137,137,0,0.5892078876495361,41225
350,732,64,97,97,0,0.41018247604370117,41322
351,1324,128,138,138,0,0.5834054946899414,41460
352,1088,128,118,118,0,0.48006749153137207,41578
353,680,64,91,91,0,0.34841489791870117,41669
354,584,64,81,81,0,0.34960198402404785,41750
355,288,32,55,55,0,0.25530457496643066,41805
356,1356,128,141,141,0,0.6327965259552002,41946
357,388,32,64,64,0,0.27306032180786133,42010
358,396,32,66,66,0,0.30609560012817383,42076
359,640,64,89,89,0,0.37793803215026855,42165
360,392,32,65,65,0,0.29369497299194336,42230
361,1388,128,145,145,0,0.6427538394927979,42375
362,1508,128,160,160,0,0.727928638458252,42535
363,656,64,87,87,0,0.4052164554595947,42622
364,668,64,89,89,0,0.42411017417907715,42711
365,1140,128,122,122,0,0.5531949996948242,42833
366,700,64,93,93,0,0.421431303024292,42926
367,336,32,62,62,0,0.2736475467681885,42988
368,1336,128,139,139,0,0.6298129558563232,43127
369,888,64,108,108,0,0.46582579612731934,43235
370,620,64,85,85,0,0.38524723052978516,43320
371,796,64,102,102,0,0.41271328926086426,43422
372,1244,128,133,133,0,0.5455312728881836,43555
373,1376,128,140,140,0,0.5394737720489502,43695
374,624,64,85,85,0,0.3315467834472656,43780
375,1264,128,128,128,0,0.49657154083251953,43908
376,560,64,79,79,0,0.30712366104125977,43987
377,1036,128,111,111,0,0.43009209632873535,44098
378,816,64,101,101,0,0.39066219329833984,44199
379,964,128,106,106,0,0.4095754623413086,44305
380,1024,128,110,110,0,0.4415016174316406,44415
381,1392,128,143,143,0,0.6217408180236816,44558
382,688,64,91,91,0,0.3962876796722412,44649
383,1216,128,126,126,0,0.5495049953460693,44775
384,584,64,81,81,0,0.3522162437438965,44856
385,612,64,84,84,0,0.3882744312286377,44940
386,1624,128,164,164,0,0.7381393909454346,45104
387,644,64,88,88,0,0.3867607116699219,45192
388,1468,128,153,153,0,0.7492721080780029,45345
389,324,32,60,60,0,0.2622392177581787,45405
390,1316,128,135,135,0,0.6111874580383301,45540
391,2180,256,178,178,0,0.7888855934143066,45718
392,2352,256,198,198,0,0.9093978404998779,45916
393,628,64,84,84,0,0.4105663299560547,46000
394,1208,128,125,125,0,0.5905351638793945,46125
395,1044,128,114,114,0,0.4868814945220947,46239
396,1124,128,120,120,0,0.46799564361572266,46359
397,1132,128,123,123,0,0.5111892223358154,46482
398,1376,128,142,142,0,0.629439115524292,46624
399,1396,128,147,147,0,0.6641323566436768,46771
400,772,64,102,102,0,0.4628715515136719,46873
401,2396,256,201,201,0,0.8943166732788086,47074
402,872,64,105,105,0,0.47490906715393066,47179
403,3000,256,251,251,0,1.1213274002075195,47430
404,1400,128,148,148,0,0.6777770519256592,47578
405,580,64,80,80,0,0.3714148998260498,47658
406,1120,128,119,119,0,0.5313677787780762,47777
407,1456,128,153,153,0,0.6804940700531006,47930
408,592,64,82,82,0,0.3644216060638428,48012
409,408,32,68,68,0,0.30529189109802246,48080
410,588,64,81,81,0,0.3921020030975342,48161
411,1280,128,131,131,0,0.5993664264678955,48292
412,1092,128,119,119,0,0.4814033508300781,48411
413,1036,128,111,111,0,0.4480900764465332,48522
414,1284,128,132,132,0,0.566011905670166,48654
415,952,64,113,113,0,0.45505332946777344,48767
416,732,64,99,99,0,0.3915581703186035,48866
417,1420,128,146,146,0,0.5808095932006836,49012
418,2112,256,179,179,0,0.7128422260284424,49191
419,788,64,105,105,0,0.4303090572357178,49296
420,1228,128,132,132,0,0.5260546207427979,49428
421,1636,128,167,167,0,0.6614294052124023,49595
422,1084,128,118,118,0,0.4704406261444092,49713
423,1672,128,171,171,0,0.6793408393859863,49884
424,624,64,83,83,0,0.33382296562194824,49967
425,1708,128,172,172,0,1.1968398094177246,50139
426,616,64,84,84,0,0.35570478439331055,50223
427,840,64,101,101,0,0.403705358505249,50324
428,1236,128,133,133,0,0.5293765068054199,50457
429,904,128,98,98,0,0.3914909362792969,50555
430,860,64,105,105,0,0.4180796146392822,50660
431,1464,128,145,145,0,0.6287708282470703,50805
432,1356,128,141,141,0,0.6655383110046387,50946
433,632,64,88,88,0,0.34533119201660156,51034
434,1356,128,138,138,0,0.616654634475708,51172
435,1004,64,120,120,0,0.534113883972168,51292
436,968,64,114,114,0,0.5350134372711182,51406
437,564,64,79,79,0,0.36018896102905273,51485
438,1436,128,149,149,0,0.7131869792938232,51634
439,672,64,90,90,0,0.41997647285461426,51724
440,1312,128,137,137,0,0.6279335021972656,51861
441,600,64,82,82,0,0.37236571311950684,51943
442,1020,128,109,109,0,0.5144228935241699,52052
443,204,16,47,47,0,0.2213149070739746,52099
444,612,64,81,81,0,0.36504364013671875,52180
445,704,64,92,92,0,0.4111144542694092,52272
446,280,32,54,54,0,0.24905991554260254,52326
447,480,64,71,71,0,0.320418119430542,52397
448,1288,128,135,135,0,0.6403746604919434,52532
449,2368,256,201,201,0,0.9293711185455322,52733
450,1524,128,159,159,0,0.7184102535247803,52892
451,612,64,84,84,0,0.3790152072906494,52976
452,792,64,103,103,0,0.45426440238952637,53079
453,1296,128,134,134,0,0.6019084453582764,53213
454,856,64,104,104,0,0.49808621406555176,53317
455,380,32,63,63,0,0.2804281711578369,53380
456,888,64,108,108,0,0.4844372272491455,53488
457,844,64,102,102,0,0.4816548824310303,53590
458,1296,128,134,134,0,0.6364541053771973,53724
459,604,64,84,84,0,0.3713202476501465,53808
460,944,128,98,98,0,0.44818830490112305,53906
461,708,64,94,94,0,0.4190647602081299,54000
462,668,64,92,92,0,0.4175608158111572,54092
463,1240,128,133,133,0,0.6523370742797852,54225
464,656,64,90,90,0,0.40796828269958496,54315
465,1408,128,146,146,0,0.6520853042602539,54461
466,628,64,87,87,0,0.39395689964294434,54548
467,632,64,83,83,0,0.3820943832397461,54631
468,1084,128,115,115,0,0.5356485843658447,54746
469,1048,128,113,113,0,0.5389838218688965,54859
470,460,64,65,65,0,0.28388547897338867,54924
471,660,64,88,88,0,0.397228479385376,55012
472,840,64,104,104,0,0.49651050567626953,55116
473,2232,256,187,187,0,0.7666361331939697,55303
474,1312,128,144,144,0,0.5600991249084473,55447
475,1132,128,121,121,0,0.4728713035583496,55568
476,348,32,59,59,0,0.2278461456298828,55627
477,1404,128,147,147,0,0.5848033428192139,55774
478,624,64,86,86,0,0.33606886863708496,55860
479,696,64,92,92,0,0.3601677417755127,55952
480,660,64,88,88,0,0.35674357414245605,56040
481,1492,128,148,148,0,0.5793113708496094,56188
482,408,32,68,68,0,0.26874208450317383,56256
483,392,32,65,65,0,0.25170087814331055,56321
484,700,64,93,93,0,0.36638665199279785,56414
485,2380,256,198,198,0,0.7747819423675537,56612
486,1040,64,125,125,0,0.4904356002807617,56737
487,916,64,111,111,0,0.43694472312927246,56848
488,864,64,106,106,0,0.41487574577331543,56954
489,768,64,103,103,0,0.40367960929870605,57057
490,1444,128,150,150,0,0.592221736907959,57207
491,556,64,78,78,0,0.3056297302246094,57285
492,584,64,81,81,0,0.3166043758392334,57366
493,1048,128,113,113,0,0.442058801651001,57479
494,1348,128,139,139,0,0.5455679893493652,57618
495,1904,128,182,182,0,0.728177547454834,57800
496,532,64,73,73,0,0.28656888008117676,57873
497,1884,128,185,185,0,0.7299537658691406,58058
498,1696,128,175,175,0,0.6945023536682129,58233
499,2832,256,233,233,0,0.9338068962097168,58466
500,2412,256,202,202,0,0.7949132919311523,58668
501,888,64,108,108,0,0.422924280166626,58776
502,608,64,83,83,0,0.32694578170776367,58859
503,732,64,97,97,0,0.39641594886779785,58956
504,940,64,116,116,0,0.4586796760559082,59072
505,2320,256,195,195,0,0.767876148223877,59267
506,628,64,87,87,0,0.3422696590423584,59354
507,676,64,89,89,0,0.35660576820373535,59443
508,632,64,88,88,0,0.4123969078063965,59531
509,1204,128,128,128,0,0.5855131149291992,59659
510,1348,128,140,140,0,0.6337425708770752,59799
511,1072,64,131,131,0,0.6008343696594238,59930
512,684,64,90,90,0,0.42067766189575195,60020
513,1292,128,133,133,0,0.6158003807067871,60153
514,1364,128,143,143,0,0.6605982780456543,60296
515,700,64,96,96,0,0.44418931007385254,60392
516,1416,128,150,150,0,0.6832120418548584,60542
517,1012,128,108,108,0,0.5539193153381348,60650
518,1232,128,131,131,0,0.6164145469665527,60781
519,1120,128,121,121,0,0.5458648204803467,60902
520,640,64,89,89,0,0.41702842712402344,60991
521,580,64,80,80,0,0.35991930961608887,61071
522,612,64,84,84,0,0.3821873664855957,61155
523,920,64,112,112,0,0.5240867137908936,61267
524,1416,128,151,151,0,0.7336835861206055,61418
525,332,32,61,61,0,0.27904605865478516,61479
526,1080,128,117,117,0,0.5283203125,61596
527,580,64,80,80,0,0.3918628692626953,61676
528,1360,128,138,138,0,0.5675399303436279,61814
529,776,64,100,100,0,0.3946869373321533,61914
530,720,64,94,94,0,0.3699014186859131,62008
531,1300,128,135,135,0,0.5311062335968018,62143
532,1252,128,129,129,0,0.5090668201446533,62272
533,940,64,115,115,0,0.45513200759887695,62387
534,2008,256,171,171,0,0.7278275489807129,62558
535,244,32,49,49,0,0.2218308448791504,62607
536,1008,64,121,121,0,0.5541720390319824,62728
537,1708,128,172,172,0,0.7857954502105713,62900
538,436,32,71,71,0,0.3809971809387207,62971
539,648,64,86,86,0,0.40184664726257324,63057
540,1392,128,142,142,0,0.6439893245697021,63199
541,1012,128,108,108,0,0.5006108283996582,63307
542,484,64,71,71,0,0.3206956386566162,63378
543,500,64,72,72,0,0.3376784324645996,63450
544,396,32,66,66,0,0.3206644058227539,63516
545,304,32,58,58,0,0.2656528949737549,63574
546,1380,128,146,146,0,0.6720609664916992,63720
547,1480,128,149,149,0,0.6879415512084961,63869
548,1048,128,113,113,0,0.5090200901031494,63982
549,936,128,103,103,0,0.4811553955078125,64085
550,748,64,100,100,0,0.4764986038208008,64185
551,648,64,89,89,0,0.41217660903930664,64274
552,1348,128,139,139,0,0.647536039352417,64413
553,1012,64,122,122,0,0.5679454803466797,64535
554,1360,128,142,142,0,0.6385462284088135,64677
555,2424,256,206,206,0,0.9567420482635498,64883
556,592,64,82,82,0,0.37697267532348633,64965
557,376,32,64,64,0,0.29032254219055176,65029
558,468,64,68,68,0,0.3136162757873535,65097
559,1016,128,109,109,0,0.512944221496582,65206
560,968,64,116,116,0,0.4892294406890869,65322
561,800,64,96,96,0,0.372511625289917,65418
562,592,64,82,82,0,0.3140101432800293,65500
563,324,32,59,59,0,0.2419757843017578,65559
564,964,64,115,115,0,0.4513967037200928,65674
565,504,64,73,73,0,0.28691577911376953,65747
566,856,64,104,104,0,0.40361595153808594,65851
567,680,64,90,90,0,0.356952428817749,65941
568,812,64,105,105,0,0.4118020534515381,66046
569,2184,256,187,187,0,0.8285963535308838,66233
570,748,64,100,100,0,0.46882081031799316,66333
571,764,64,101,101,0,0.4645373821258545,66434
572,1036,128,112,112,0,0.5299704074859619,66546
573,1228,128,135,135,0,0.6229169368743896,66681
574,1360,128,144,144,0,0.6605844497680664,66825
575,1260,128,127,127,0,0.6016848087310791,66952
576,684,64,93,93,0,0.4340019226074219,67045
577,984,128,105,105,0,0.48319053649902344,67150
578,1456,128,152,152,0,0.7216646671295166,67302
579,2796,256,232,232,0,0.9908266067504883,67534
580,568,64,78,78,0,0.305330753326416,67612
581,1008,64,121,121,0,0.4786250591278076,67733
582,704,64,94,94,0,0.3643360137939453,67827
583,788,64,98,98,0,0.3781728744506836,67925
584,636,64,88,88,0,0.3777899742126465,68013
585,1364,128,143,143,0,0.6532349586486816,68156
586,296,32,55,55,0,0.22701239585876465,68211
587,648,64,86,86,0,0.3332343101501465,68297
588,688,64,91,91,0,0.4007697105407715,68388
589,644,64,90,90,0,0.41276073455810547,68478
590,304,32,56,56,0,0.2526247501373291,68534
591,1276,128,131,131,0,0.5772583484649658,68665
592,1988,128,184,184,0,0.8547310829162598,68849
593,1016,128,109,109,0,0.5112240314483643,68958
594,1048,128,113,113,0,0.5163564682006836,69071
595,1392,128,143,143,0,0.6717095375061035,69214
596,1968,256,163,163,0,0.7554326057434082,69377
597,1292,128,133,133,0,0.6117978096008301,69510
598,624,64,86,86,0,0.41190052032470703,69596
599,1388,128,145,145,0,0.6640918254852295,69741
600,1448,128,152,152,0,0.7072076797485352,69893
601,696,64,92,92,0,0.4464385509490967,69985
602,624,64,85,85,0,0.4113631248474121,70070
603,764,64,101,101,0,0.46842145919799805,70171
604,1076,128,116,116,0,0.545759916305542,70287
605,584,64,81,81,0,0.3744819164276123,70368
606,1308,128,136,136,0,0.6438462734222412,70504
607,2440,256,210,210,0,0.9935500621795654,70714
608,1056,64,126,126,0,0.5831751823425293,70840
609,676,64,91,91,0,0.4331779479980469,70931
610,1436,128,150,150,0,0.7142248153686523,71081
611,580,64,80,80,0,0.3801548480987549,71161
612,308,32,56,56,0,0.2583901882171631,71217
613,988,64,119,119,0,0.5485436916351318,71336
614,776,64,96,96,0,0.4461221694946289,71432
615,1364,128,143,143,0,0.686762809753418,71575
616,708,64,94,94,0,0.4432985782623291,71669
617,748,64,100,100,0,0.47754693031311035,71769
618,1276,128,131,131,0,0.6136143207550049,71900
619,368,32,63,63,0,0.29193758964538574,71963
620,1348,128,142,142,0,0.6375257968902588,72105
621,1220,128,130,130,0,0.5278291702270508,72235
622,1304,128,135,135,0,0.6161859035491943,72370
623,1456,128,153,153,0,0.7151820659637451,72523
624,1140,64,128,128,0,0.6013493537902832,72651
625,1072,128,117,117,0,0.5477285385131836,72768
626,1372,128,144,144,0,0.6694083213806152,72912
627,980,64,116,116,0,0.5390338897705078,73028
628,1080,128,117,117,0,0.5415928363800049,73145
629,1400,128,145,145,0,0.6841413974761963,73290
630,1020,128,110,110,0,0.5160105228424072,73400
631,896,64,109,109,0,0.528404951095581,73509
632,408,32,68,68,0,0.31937360763549805,73577
633,1188,128,123,123,0,0.5827937126159668,73700
634,364,32,62,62,0,0.3000600337982178,73762
635,888,64,108,108,0,0.5049169063568115,73870
636,248,32,50,50,0,0.21833157539367676,73920
637,996,64,119,119,0,0.494417667388916,74039
638,1244,128,129,129,0,0.5430948734283447,74168
639,2924,256,237,237,0,1.0580668449401855,74405
640,704,64,94,94,0,0.4030628204345703,74499
641,1292,128,133,133,0,0.5524294376373291,74632
642,1520,128,153,153,0,0.6516587734222412,74785
643,2216,256,184,184,0,0.8013372421264648,74969
644,1112,64,127,127,0,0.5379183292388916,75096
645,596,64,83,83,0,0.35376811027526855,75179
646,788,64,103,103,0,0.4380674362182617,75282
647,1284,128,133,133,0,0.561722993850708,75415
648,1144,128,124,124,0,0.5221164226531982,75539
649,636,64,86,86,0,0.39374876022338867,75625
650,808,64,100,100,0,0.432009220123291,75725
651,712,64,95,95,0,0.400559663772583,75820
652,1532,128,161,161,0,0.7150647640228271,75981
653,656,64,90,90,0,0.41614747047424316,76071
654,1108,128,119,119,0,0.561671257019043,76190
655,556,64,78,78,0,0.3865981101989746,76268
656,756,64,99,99,0,0.4686858654022217,76367
657,396,32,66,66,0,0.3151731491088867,76433
658,1348,128,142,142,0,0.6828722953796387,76575
659,836,64,103,103,0,0.4862236976623535,76678
660,1124,128,120,120,0,0.5549736022949219,76798
661,1412,128,150,150,0,0.702420711517334,76948
662,1032,128,112,112,0,0.5302455425262451,77060
663,700,64,93,93,0,0.4357907772064209,77153
664,872,64,105,105,0,0.49816370010375977,77258
665,568,64,80,80,0,0.3919949531555176,77338
666,648,64,89,89,0,0.41608572006225586,77427
667,688,64,93,93,0,0.38934826850891113,77520
668,1284,128,135,135,0,0.5808475017547607,77655
669,1304,128,134,134,0,0.5747621059417725,77789
670,1000,128,108,108,0,0.4576702117919922,77897
671,620,64,85,85,0,0.39737725257873535,77982
672,612,64,84,84,0,0.37262487411499023,78066
673,992,64,118,118,0,0.49635839462280273,78184
674,692,64,92,92,0,0.38895535469055176,78276
675,2080,128,196,196,0,0.8236649036407471,78472
676,1048,128,113,113,0,0.4751415252685547,78585
677,1168,128,126,126,0,0.529634952545166,78711
678,1200,128,123,123,0,0.5185461044311523,78834
679,584,64,81,81,0,0.3425586223602295,78915
680,1548,128,154,154,0,0.6533293724060059,79069
681,572,64,79,79,0,0.33472585678100586,79148
682,1456,128,153,153,0,0.6557145118713379,79301
683,1048,128,113,113,0,0.4768679141998291,79414
684,2356,256,199,199,0,0.8588502407073975,79613
685,628,64,87,87,0,0.3649723529815674,79700
686,1376,128,144,144,0,0.6091127395629883,79844
687,1380,128,145,145,0,0.6218118667602539,79989
688,1444,128,151,151,0,0.7353205680847168,80140
689,744,64,99,99,0,0.475602388381958,80239
690,1400,128,148,148,0,0.6409797668457031,80387
691,700,64,93,93,0,0.4339282512664795,80480
692,596,64,81,81,0,0.38687968254089355,80561
693,1308,128,134,134,0,0.6439197063446045,80695
694,664,64,91,91,0,0.4406909942626953,80786
695,1004,128,107,107,0,0.5113561153411865,80893
696,1128,128,120,120,0,0.6131787300109863,81013
697,624,64,86,86,0,0.4055173397064209,81099
698,1468,128,156,156,0,0.7582364082336426,81255
699,1336,128,140,140,0,0.7058329582214355,81395
700,1208,128,131,131,0,0.628809928894043,81526
701,900,64,110,110,0,0.5370512008666992,81636
702,1032,128,112,112,0,0.5447688102722168,81748
703,1356,128,144,144,0,0.7223303318023682,81892
704,244,32,49,49,0,0.2356264591217041,81941
705,2044,128,190,190,0,0.9175570011138916,82131
706,624,64,86,86,0,0.4059410095214844,82217
707,1304,128,134,134,0,0.6730551719665527,82351
708,280,32,54,54,0,0.2664628028869629,82405
709,880,64,113,113,0,0.541248083114624,82518
710,872,64,105,105,0,0.5070762634277344,82623
711,2328,256,196,196,0,0.9331455230712891,82819
712,236,32,48,48,0,0.23312687873840332,82867
713,392,32,65,65,0,0.2999732494354248,82932
714,1004,64,120,120,0,0.5755569934844971,83052
715,648,64,88,88,0,0.416215181350708,83140
716,1476,128,154,154,0,0.7439522743225098,83294
717,392,32,65,65,0,0.319476842880249,83359
718,768,64,99,99,0,0.47319459915161133,83458
719,1268,128,129,129,0,0.6559889316558838,83587
720,1308,128,134,134,0,0.6502993106842041,83721
721,1564,128,164,164,0,0.8021090030670166,83885
722,556,64,78,78,0,0.3809504508972168,83963
723,436,32,71,71,0,0.34060096740722656,84034
724,640,64,87,87,0,0.4227564334869385,84121
725,1140,128,123,123,0,0.6021525859832764,84244
726,1136,128,122,122,0,0.5794954299926758,84366
727,952,128,99,99,0,0.4762735366821289,84465
728,1132,128,122,122,0,0.5118849277496338,84587
729,544,64,76,76,0,0.31181812286376953,84663
730,1376,128,145,145,0,0.5967433452606201,84808
731,1120,128,121,121,0,0.4990694522857666,84929
732,560,64,81,81,0,0.3375580310821533,85010
733,1352,128,142,142,0,0.6820621490478516,85152
734,744,64,99,99,0,0.4921126365661621,85251
735,656,64,87,87,0,0.4239063262939453,85338
736,2092,256,174,174,0,0.8579831123352051,85512
737,432,64,64,64,0,0.3070683479309082,85576
738,1180,128,129,129,0,0.6266729831695557,85705
739,1240,128,129,129,0,0.6210339069366455,85834
740,912,64,112,112,0,0.5430419445037842,85946
741,812,64,100,100,0,0.4837803840637207,86046
742,916,64,111,111,0,0.5413837432861328,86157
743,296,32,56,56,0,0.2682220935821533,86213
744,1420,128,148,148,0,0.7498390674591064,86361
745,744,64,99,99,0,0.4799506664276123,86460
746,1396,128,149,149,0,0.6879220008850098,86609
747,476,64,70,70,0,0.29338693618774414,86679
748,1632,128,169,169,0,0.742501974105835,86848
749,684,64,95,95,0,0.4742279052734375,86943
750,668,64,89,89,0,0.432772159576416,87032
751,528,64,73,73,0,0.35303640365600586,87105
752,1228,128,130,130,0,0.5734143257141113,87235
753,804,64,99,99,0,0.4274442195892334,87334
754,1052,128,114,114,0,0.5227322578430176,87448
755,336,32,60,60,0,0.2942688465118408,87508
756,760,64,102,102,0,0.4279942512512207,87610
757,2048,256,169,169,0,0.7170376777648926,87779
758,1288,128,132,132,0,0.576040506362915,87911
759,688,64,91,91,0,0.3876981735229492,88002
760,744,64,90,90,0,0.3821535110473633,88092
761,648,64,86,86,0,0.3669314384460449,88178
762,2376,256,203,203,0,0.8658111095428467,88381
763,1640,128,153,153,0,0.6566624641418457,88534
764,324,32,60,60,0,0.25659918785095215,88594
765,892,64,109,109,0,0.4662024974822998,88703
766,1412,128,150,150,0,0.7104735374450684,88853
767,2548,256,215,215,0,1.0529851913452148,89068
768,1084,128,115,115,0,0.6177000999450684,89183
769,1136,128,122,122,0,0.6032438278198242,89305
770,644,64,85,85,0,0.43621230125427246,89390
771,584,64,81,81,0,0.3358025550842285,89471
772,988,128,106,106,0,0.4501628875732422,89577
773,660,64,88,88,0,0.37529659271240234,89665
774,368,32,63,63,0,0.26547718048095703,89728
775,936,128,101,101,0,0.4260411262512207,89829
776,964,64,118,118,0,0.4954676628112793,89947
777,648,64,86,86,0,0.3629765510559082,90033
778,1320,128,137,137,0,0.5769944190979004,90170
779,528,64,77,77,0,0.32418179512023926,90247
780,1344,128,141,141,0,0.6331958770751953,90388
781,1176,128,127,127,0,0.5567922592163086,90515
782,788,64,102,102,0,0.4330635070800781,90617
783,1048,128,113,113,0,0.4782102108001709,90730
784,1564,128,157,157,0,0.6603832244873047,90887
785,1496,128,151,151,0,0.6388123035430908,91038
786,884,64,107,107,0,0.4503600597381592,91145
787,592,64,82,82,0,0.38292598724365234,91227
788,1052,128,111,111,0,0.4811244010925293,91338
789,1756,128,166,166,0,0.7175743579864502,91504
790,172,16,43,43,0,0.1859588623046875,91547
791,2908,256,241,241,0,1.056291103363037,91788
792,1356,128,141,141,0,0.6060760021209717,91929
793,980,64,119,119,0,0.5131752490997314,92048
794,1312,128,135,135,0,0.57330322265625,92183
795,1356,128,141,141,0,0.6155400276184082,92324
796,1028,128,111,111,0,0.4880053997039795,92435
797,1388,128,145,145,0,0.624413013458252,92580
798,700,64,93,93,0,0.3944692611694336,92673
799,1320,128,138,138,0,0.6124567985534668,92811
800,1036,128,112,112,0,0.5034091472625732,92923
801,2332,256,199,199,0,0.8592431545257568,93122
802,2360,256,200,200,0,0.951066255569458,93322
803,708,64,92,92,0,0.4629387855529785,93414
804,568,64,80,80,0,0.3936736583709717,93494
805,1408,128,146,146,0,0.7199866771697998,93640
806,1024,128,111,111,0,0.5355634689331055,93751
807,808,64,104,104,0,0.5143070220947266,93855
808,1368,128,144,144,0,0.7072165012359619,93999
809,1356,128,141,141,0,0.7263967990875244,94140
810,1356,128,141,141,0,0.6930949687957764,94281
811,892,64,109,109,0,0.5325922966003418,94390
812,1176,128,127,127,0,0.6353769302368164,94517
813,692,64,92,92,0,0.4494919776916504,94609
814,1312,128,135,135,0,0.6744287014007568,94744
815,1288,128,136,136,0,0.6713902950286865,94880
816,2300,256,193,193,0,0.972200870513916,95073
817,800,64,99,99,0,0.4928860664367676,95172
818,396,32,66,66,0,0.3285858631134033,95238
819,984,128,105,105,0,0.5178489685058594,95343
820,172,16,43,43,0,0.21803855895996094,95386
821,1016,128,109,109,0,0.5606842041015625,95495
822,680,64,91,91,0,0.45375680923461914,95586
823,1372,128,144,144,0,0.7086760997772217,95730
824,304,32,56,56,0,0.2748739719390869,95786
825,1448,128,151,151,0,0.7688851356506348,95937
826,740,64,98,98,0,0.4918346405029297,96035
827,1136,128,122,122,0,0.6225473880767822,96157
828,2020,256,168,168,0,0.8256053924560547,96325
829,584,64,81,81,0,0.3960285186767578,96406
830,592,64,82,82,0,0.4069697856903076,96488
831,1312,128,138,138,0,0.6989603042602539,96626
832,1244,128,136,136,0,0.6603477001190186,96762
833,756,64,101,101,0,0.4919581413269043,96863
834,336,32,62,62,0,0.3021824359893799,96925
835,440,32,72,72,0,0.3630237579345703,96997
836,1432,128,148,148,0,0.732778787612915,97145
837,624,64,87,87,0,0.43567323684692383,97232
838,2516,256,211,211,0,1.0477190017700195,97443
839,220,32,45,45,0,0.2222747802734375,97488
840,424,32,69,69,0,0.34577369689941406,97557
841,264,32,51,51,0,0.25685811042785645,97608
842,1564,128,163,163,0,0.8509142398834229,97771
843,608,64,83,83,0,0.41678714752197266,97854
844,1088,128,118,118,0,0.5780980587005615,97972
845,700,64,96,96,0,0.47598862648010254,98068
846,1004,128,107,107,0,0.5249812602996826,98175
847,628,64,87,87,0,0.43808484077453613,98262
848,1396,128,143,143,0,0.7515871524810791,98405
849,1228,128,126,126,0,0.6330211162567139,98531
850,1480,128,155,155,0,0.7544906139373779,98686
851,1020,128,110,110,0,0.5378661155700684,98796
852,1248,128,130,130,0,0.6351432800292969,98926
853,992,128,107,107,0,0.5245234966278076,99033
854,1760,128,180,180,0,0.873131513595581,99213
855,580,64,80,80,0,0.39467334747314453,99293
856,2656,256,212,212,0,1.04850172996521,99505
857,1124,128,120,120,0,0.6037640571594238,99625
858,1468,128,152,152,0,0.7482092380523682,99777
859,1008,128,110,110,0,0.5580756664276123,99887
860,900,64,110,110,0,0.553253173828125,99997
861,688,64,91,91,0,0.7799568176269531,100088
862,1600,128,161,161,0,0.7087571620941162,100249
863,568,64,78,78,0,0.3439514636993408,100327
864,972,128,102,102,0,0.45000171661376953,100429
865,1000,128,111,111,0,0.4899477958679199,100540
866,592,64,82,82,0,0.36189985275268555,100622
867,1424,128,147,147,0,0.6511797904968262,100769
868,1020,128,110,110,0,0.4865102767944336,100879
869,776,64,103,103,0,0.4565749168395996,100982
870,1200,128,124,124,0,0.5787556171417236,101106
871,1500,128,156,156,0,0.7677898406982422,101262
872,476,32,77,77,0,0.38271307945251465,101339
873,568,64,83,83,0,0.41153740882873535,101422
874,152,16,41,41,0,0.20272278785705566,101463
875,744,64,99,99,0,0.49105024337768555,101562
876,584,64,81,81,0,0.41382837295532227,101643
877,536,64,74,74,0,0.36902332305908203,101717
878,1228,128,129,129,0,0.6368327140808105,101846
879,1444,128,150,150,0,0.7574539184570312,101996
880,632,64,87,87,0,0.4498293399810791,102083
881,1384,128,141,141,0,0.7017185688018799,102224
882,1408,128,145,145,0,0.723696231842041,102369
883,1148,128,116,116,0,0.5488302707672119,102485
884,536,64,77,77,0,0.34087300300598145,102562
885,1116,128,118,118,0,0.5238251686096191,102680
886,604,64,82,82,0,0.36482954025268555,102762
887,1792,128,172,172,0,0.7627420425415039,102934
888,1316,128,136,136,0,0.6022014617919922,103070
889,744,64,99,99,0,0.44519591331481934,103169
890,1864,128,186,186,0,0.9173479080200195,103355
891,1124,128,120,120,0,0.5293731689453125,103475
892,672,64,90,90,0,0.40176963806152344,103565
893,988,128,106,106,0,0.47255897521972656,103671
894,2456,256,202,202,0,0.942380428314209,103873
895,1196,128,131,131,0,0.6613247394561768,104004
896,804,64,97,97,0,0.4706134796142578,104101
897,720,64,88,88,0,0.44019651412963867,104189
898,404,32,68,68,0,0.3238224983215332,104257
899,2252,256,189,189,0,0.8373205661773682,104446
900,368,32,61,61,0,0.26773929595947266,104507
901,688,64,91,91,0,0.40112853050231934,104598
902,864,128,92,92,0,0.40467381477355957,104690
903,1204,128,131,131,0,0.6433002948760986,104821
904,740,64,99,99,0,0.5152904987335205,104920
905,896,64,110,110,0,0.551072359085083,105030
906,2444,256,208,208,0,0.9833853244781494,105238
907,700,64,93,93,0,0.4151906967163086,105331
908,260,32,50,50,0,0.24634861946105957,105381
909,1972,256,161,161,0,0.8126282691955566,105542
910,956,64,116,116,0,0.5819568634033203,105658
911,820,64,102,102,0,0.44826388359069824,105760
912,2344,256,197,197,0,0.8636858463287354,105957
913,2560,256,221,221,0,1.0104527473449707,106178
914,548,64,77,77,0,0.3820505142211914,106255
915,292,32,56,56,0,0.3084583282470703,106311
916,560,64,81,81,0,0.40177154541015625,106392
917,592,64,82,82,0,0.4037947654724121,106474
918,768,64,103,103,0,0.5083026885986328,106577
919,1400,128,144,144,0,0.7400238513946533,106721
920,584,64,81,81,0,0.39832401275634766,106802
921,632,64,88,88,0,0.46510767936706543,106890
922,772,64,102,102,0,0.508406400680542,106992
923,1364,128,142,142,0,0.7242743968963623,107134
924,1000,128,106,106,0,0.5277531147003174,107240
925,1392,128,143,143,0,0.7143764495849609,107383
926,516,64,75,75,0,0.37024760246276855,107458
927,1468,128,155,155,0,0.7777495384216309,107613
928,500,64,72,72,0,0.35211849212646484,107685
929,700,64,93,93,0,0.45745277404785156,107778
930,688,64,91,91,0,0.4508976936340332,107869
931,1176,64,133,133,0,0.6724624633789062,108002
932,1336,128,139,139,0,0.6998805999755859,108141
933,580,64,85,85,0,0.42238879203796387,108226
934,1296,128,134,134,0,0.6742157936096191,108360
935,1156,128,117,117,0,0.5794739723205566,108477
936,520,64,76,76,0,0.3771207332611084,108553
937,1376,128,145,145,0,0.71565842628479,108698
938,852,64,110,110,0,0.5831859111785889,108808
939,776,64,100,100,0,0.5128886699676514,108908
940,1476,128,154,154,0,0.795351505279541,109062
941,1252,128,126,126,0,0.6391308307647705,109188
942,1072,128,117,117,0,0.5858428478240967,109305
943,1088,128,118,118,0,0.5888903141021729,109423
944,1736,128,164,164,0,0.8304483890533447,109587
945,720,64,95,95,0,0.4749026298522949,109682
946,500,64,70,70,0,0.35074901580810547,109752
947,1028,128,111,111,0,0.5532045364379883,109863
948,1400,128,147,147,0,0.7552125453948975,110010
949,1308,128,137,137,0,0.6669676303863525,110147
950,1368,128,143,143,0,0.6155624389648438,110290
951,576,64,80,80,0,0.34328246116638184,110370
952,1292,128,133,133,0,0.5779578685760498,110503
953,716,64,89,89,0,0.38648009300231934,110592
954,2356,256,198,198,0,0.8559329509735107,110790
955,1012,128,108,108,0,0.46611690521240234,110898
956,1380,128,145,145,0,0.6203372478485107,111043
957,1320,128,136,136,0,0.6418468952178955,111179
958,1368,128,143,143,0,0.7040181159973145,111322
959,580,64,80,80,0,0.4107537269592285,111402
960,620,64,85,85,0,0.37407445907592773,111487
961,868,64,104,104,0,0.4527115821838379,111591
962,1220,128,131,131,0,0.5740025043487549,111722
963,2284,256,190,190,0,0.8274776935577393,111912
964,692,64,92,92,0,0.39992570877075195,112004
965,628,64,87,87,0,0.37893199920654297,112091
966,2144,256,182,182,0,0.8497381210327148,112273
967,896,64,108,108,0,0.5364313125610352,112381
968,640,64,89,89,0,0.4492630958557129,112470
969,1548,128,160,160,0,0.7794678211212158,112630
970,1548,128,156,156,0,0.7682974338531494,112786
971,1260,128,132,132,0,0.667149543762207,112918
972,312,32,57,57,0,0.3027763366699219,112975
973,980,128,104,104,0,0.5126616954803467,113079
974,2756,256,224,224,0,1.116523027420044,113303
975,1868,128,177,177,0,0.9042069911956787,113480
976,724,64,89,89,0,0.4573936462402344,113569
977,708,64,94,94,0,0.4736311435699463,113663
978,1288,128,136,136,0,0.7132253646850586,113799
979,1008,128,108,108,0,0.48756885528564453,113907
980,1948,128,181,181,0,0.8006458282470703,114088
981,2772,256,238,238,0,1.0479316711425781,114326
982,1436,128,149,149,0,0.6479742527008057,114475
983,828,64,99,99,0,0.4311099052429199,114574
984,1328,128,138,138,0,0.5973412990570068,114712
985,1320,128,136,136,0,0.6363067626953125,114848
986,708,64,94,94,0,0.4944031238555908,114942
987,1332,128,138,138,0,0.695880651473999,115080
988,700,64,93,93,0,0.459977388381958,115173
989,376,32,63,63,0,0.3169372081756592,115236
990,652,64,91,91,0,0.44667696952819824,115327
991,956,128,105,105,0,0.5184996128082275,115432
992,1128,128,121,121,0,0.6070523262023926,115553
993,868,64,106,106,0,0.5273792743682861,115659
994,1028,128,111,111,0,0.5475058555603027,115770
995,1344,128,140,140,0,0.684920072555542,115910
996,740,64,98,98,0,0.4852275848388672,116008
997,1344,128,139,139,0,0.6950206756591797,116147
998,1392,128,143,143,0,0.7202556133270264,116290
999,608,64,83,83,0,0.4164760112762451,116373
1000,1500,128,158,158,0,0.7983970642089844,116531
1001,756,64,93,93,0,0.46697282791137695,116624
1002,1012,128,110,110,0,0.545947790145874,116734
1003,1352,128,140,140,0,0.6987922191619873,116874
1004,404,32,67,67,0,0.34636569023132324,116941
1005,432,32,72,72,0,0.35987043380737305,117013
1006,2296,256,193,193,0,0.9726283550262451,117206
1007,1808,128,173,173,0,0.8584797382354736,117379
1008,684,64,90,90,0,0.46080493927001953,117469
1009,864,64,104,104,0,0.5170071125030518,117573
1010,540,64,75,75,0,0.374713659286499,117648
1011,604,64,82,82,0,0.41025829315185547,117730
1012,584,64,81,81,0,0.4064295291900635,117811
1013,628,64,82,82,0,0.40604352951049805,117893
1014,948,64,114,114,0,0.5682797431945801,118007
1015,736,64,98,98,0,0.48250460624694824,118105
1016,504,64,72,72,0,0.3565340042114258,118177
1017,1308,128,139,139,0,0.6896603107452393,118316
1018,616,64,84,84,0,0.41422319412231445,118400
1019,1648,128,154,154,0,0.766089677810669,118554
1020,536,64,74,74,0,0.36548447608947754,118628
1021,1440,128,150,150,0,0.7528815269470215,118778
1022,652,64,86,86,0,0.4373044967651367,118864
1023,1416,128,147,147,0,0.7622849941253662,119011
1024,568,64,78,78,0,0.3858308792114258,119089
1025,316,32,58,58,0,0.2902538776397705,119147
1026,408,32,68,68,0,0.3322291374206543,119215
1027,348,32,59,59,0,0.28907036781311035,119274
1028,1448,128,151,151,0,0.7479300498962402,119425
1029,700,64,93,93,0,0.4899885654449463,119518
1030,640,64,89,89,0,0.44256067276000977,119607
1031,640,64,87,87,0,0.4274592399597168,119694
1032,1400,128,148,148,0,0.7614274024963379,119842
1033,640,64,87,87,0,0.42843055725097656,119929
1034,720,64,95,95,0,0.4969489574432373,120024
1035,1700,128,163,163,0,0.8234841823577881,120187
1036,1456,128,153,153,0,0.7688231468200684,120340
1037,2592,256,218,218,0,1.089458703994751,120558
1038,1276,128,130,130,0,0.6516966819763184,120688
1039,892,64,108,108,0,0.49285006523132324,120796
1040,812,64,101,101,0,0.4477415084838867,120897
1041,1156,128,126,126,0,0.5592367649078369,121023
1042,984,128,103,103,0,0.4532644748687744,121126
1043,1408,128,146,146,0,0.6460955142974854,121272
1044,1108,128,122,122,0,0.5413734912872314,121394
1045,2784,256,230,230,0,1.0875165462493896,121624
1046,1032,128,112,112,0,0.4924736022949219,121736
1047,572,64,79,79,0,0.3465745449066162,121815
1048,2824,256,232,232,0,1.1293089389801025,122047
1049,960,64,115,115,0,0.6046504974365234,122162
1050,1152,128,116,116,0,0.6135096549987793,122278
1051,1296,128,134,134,0,0.7006168365478516,122412
1052,1308,128,134,134,0,0.6627938747406006,122546
1053,820,64,102,102,0,0.5087368488311768,122648
1054,1664,128,172,172,0,0.8145742416381836,122820
1055,1236,128,128,128,0,0.5903832912445068,122948
1056,1448,128,152,152,0,0.7570488452911377,123100
1057,1076,128,118,118,0,0.6439292430877686,123218
1058,524,64,77,77,0,0.4234476089477539,123295
1059,2188,256,182,182,0,0.90478515625,123477
1060,2028,256,170,170,0,0.8409132957458496,123647
1061,640,64,89,89,0,0.4491288661956787,123736
1062,616,64,84,84,0,0.45134520530700684,123820
1063,1228,128,128,128,0,0.6314096450805664,123948
1064,540,64,75,75,0,0.3690469264984131,124023
1065,888,64,108,108,0,0.5374135971069336,124131
1066,584,64,81,81,0,0.4084770679473877,124212
1067,1476,128,152,152,0,0.7834968566894531,124364
1068,432,32,71,71,0,0.4427769184112549,124435
1069,2196,256,180,180,0,0.9727010726928711,124615
1070,780,64,101,101,0,0.5206823348999023,124716
1071,2164,256,183,183,0,0.9098141193389893,124899
1072,844,64,110,110,0,0.5640439987182617,125009
1073,608,64,85,85,0,0.42555904388427734,125094
1074,644,64,87,87,0,0.45345258712768555,125181
1075,1156,128,124,124,0,0.6387150287628174,125305
1076,500,64,72,72,0,0.36221885681152344,125377
1077,400,32,67,67,0,0.33218908309936523,125444
1078,948,64,112,112,0,0.5808305740356445,125556
1079,2816,256,230,230,0,1.137943983078003,125786
1080,864,64,108,108,0,0.549461841583252,125894
1081,1480,128,156,156,0,0.8089070320129395,126050
1082,876,64,106,106,0,0.578894853591919,126156
1083,500,64,74,74,0,0.3671727180480957,126230
1084,740,64,98,98,0,0.5089273452758789,126328
1085,1488,128,157,157,0,0.7629754543304443,126485
1086,812,64,105,105,0,0.5118730068206787,126590
1087,1680,128,172,172,0,0.8489458560943604,126762
1088,1380,128,145,145,0,0.7148442268371582,126907
1089,648,64,89,89,0,0.4284029006958008,126996
1090,756,64,101,101,0,0.4991588592529297,127097
1091,1336,128,139,139,0,0.6192877292633057,127236
1092,664,64,92,92,0,0.40465664863586426,127328
1093,1676,128,158,158,0,0.6981937885284424,127486
1094,848,64,101,101,0,0.44617295265197754,127587
1095,1324,128,137,137,0,0.6062569618225098,127724
1096,1112,128,118,118,0,0.5194432735443115,127842
1097,396,32,66,66,0,0.29222607612609863,127908
1098,1456,128,152,152,0,0.6691958904266357,128060
1099,940,64,113,113,0,0.5572373867034912,128173
1100,764,64,94,94,0,0.4477849006652832,128267
1101,948,64,115,115,0,0.5831315517425537,128382
1102,432,64,64,64,0,0.3159050941467285,128446
1103,952,64,113,113,0,0.49700355529785156,128559
1104,1544,128,156,156,0,0.6911206245422363,128715
1105,900,64,108,108,0,0.49112534523010254,128823
1106,776,64,100,100,0,0.45078563690185547,128923
1107,1060,128,115,115,0,0.5707852840423584,129038
1108,2752,256,223,223,0,1.1024949550628662,129261
1109,1252,128,137,137,0,0.6752355098724365,129398
1110,1204,128,124,124,0,0.619114875793457,129522
1111,748,64,93,93,0,0.4882218837738037,129615
1112,852,64,103,103,0,0.4683377742767334,129718
1113,1196,128,122,122,0,0.5359835624694824,129840
1114,644,64,90,90,0,0.39623188972473145,129930
1115,780,64,92,92,0,0.407512903213501,130022
1116,1040,128,111,111,0,0.4872307777404785,130133
1117,308,32,56,56,0,0.24663805961608887,130189
1118,1336,128,139,139,0,0.6150567531585693,130328
1119,612,64,84,84,0,0.37270379066467285,130412
1120,736,64,98,98,0,0.4315502643585205,130510
1121,660,64,88,88,0,0.39015817642211914,130598
1122,572,64,79,79,0,0.3470940589904785,130677
1123,664,64,88,88,0,0.38734865188598633,130765
1124,2288,256,193,193,0,0.8526339530944824,130958
1125,2112,256,176,176,0,0.8200867176055908,131134
1126,1432,128,148,148,0,0.7564527988433838,131282
1127,1488,128,150,150,0,0.7500941753387451,131432
1128,1128,128,121,121,0,0.5334696769714355,131553
1129,952,128,104,104,0,0.452451229095459,131657
1130,1040,128,112,112,0,0.48886561393737793,131769
1131,1036,128,113,113,0,0.5081515312194824,131882
1132,896,64,109,109,0,0.5399467945098877,131991
1133,1736,128,176,176,0,0.8858189582824707,132167
1134,624,64,86,86,0,0.42476701736450195,132253
1135,1368,128,143,143,0,0.6431550979614258,132396
1136,712,64,93,93,0,0.40335965156555176,132489
1137,1164,128,122,122,0,0.5276789665222168,132611
1138,668,64,92,92,0,0.395186185836792,132703
1139,568,64,78,78,0,0.3689849376678467,132781
1140,860,64,105,105,0,0.5200097560882568,132886
1141,708,64,86,86,0,0.43686842918395996,132972
1142,1212,128,126,126,0,0.6427896022796631,133098
1143,712,64,95,95,0,0.4619882106781006,133193
1144,624,64,86,86,0,0.3661038875579834,133279
1145,1216,128,126,126,0,0.5408592224121094,133405
1146,1672,128,173,173,0,0.7440457344055176,133578
1147,1896,256,154,154,0,0.7163300514221191,133732
1148,1092,128,119,119,0,0.5927128791809082,133851
1149,1032,128,110,110,0,0.5410115718841553,133961
1150,604,64,84,84,0,0.419189453125,134045
1151,664,64,91,91,0,0.4982614517211914,134136
1152,1020,128,110,110,0,0.5403785705566406,134246
1153,1220,128,125,125,0,0.6442553997039795,134371
1154,2616,256,223,223,0,1.117832899093628,134594
1155,1296,128,132,132,0,0.6479141712188721,134726
1156,400,32,66,66,0,0.32247114181518555,134792
1157,1276,128,135,135,0,0.6905138492584229,134927
1158,1076,64,123,123,0,0.6189980506896973,135050
1159,852,64,106,106,0,0.5251185894012451,135156
1160,992,64,118,118,0,0.5841739177703857,135274
1161,996,64,119,119,0,0.5880398750305176,135393
1162,600,64,82,82,0,0.410571813583374,135475
1163,1384,128,146,146,0,0.7258074283599854,135621
1164,988,128,106,106,0,0.5215163230895996,135727
1165,1336,128,139,139,0,0.7001492977142334,135866
1166,1304,128,138,138,0,0.6818721294403076,136004
1167,1104,128,118,118,0,0.5683858394622803,136122
1168,2072,256,176,176,0,0.7571537494659424,136298
1169,1420,128,148,148,0,0.6366069316864014,136446
1170,784,64,101,101,0,0.43171072006225586,136547
1171,624,64,86,86,0,0.39585161209106445,136633
1172,832,64,100,100,0,0.49012112617492676,136733
1173,660,64,88,88,0,0.43295884132385254,136821
1174,2320,256,194,194,0,0.8373126983642578,137015
1175,1000,128,106,106,0,0.45235300064086914,137121
1176,616,64,85,85,0,0.3839683532714844,137206
1177,1188,128,121,121,0,0.5250036716461182,137327
1178,1172,128,127,127,0,0.5430247783660889,137454
1179,664,64,91,91,0,0.39047670364379883,137545
1180,772,64,95,95,0,0.4077789783477783,137640
1181,2072,256,171,171,0,0.7287678718566895,137811
1182,1676,128,172,172,0,0.7429215908050537,137983
1183,688,64,91,91,0,0.39101219177246094,138074
1184,800,64,99,99,0,0.4277355670928955,138173
1185,696,64,92,92,0,0.39357542991638184,138265
1186,2084,128,197,197,0,0.8447961807250977,138462
1187,1392,128,148,148,0,0.6411609649658203,138610
1188,352,32,60,60,0,0.2608039379119873,138670
1189,1004,64,120,120,0,0.5203139781951904,138790
1190,1244,128,129,129,0,0.5587904453277588,138919
1191,824,64,105,105,0,0.46259474754333496,139024
1192,1324,128,137,137,0,0.5864882469177246,139161
1193,1388,128,147,147,0,0.7059898376464844,139308
1194,416,32,70,70,0,0.3441033363342285,139378
1195,2188,256,188,188,0,0.9509871006011963,139566
1196,944,128,100,100,0,0.49267005920410156,139666
1197,640,64,87,87,0,0.43407249450683594,139753
1198,584,64,81,81,0,0.4121978282928467,139834
1199,688,64,91,91,0,0.44896912574768066,139925
1200,3328,256,274,274,0,1.3694219589233398,140199
1201,604,64,80,80,0,0.4100337028503418,140279
1202,1292,128,133,133,0,0.6452295780181885,140412
1203,628,64,84,84,0,0.4207744598388672,140496
1204,1812,128,169,169,0,0.8438496589660645,140665
1205,288,32,55,55,0,0.2691981792449951,140720
1206,1368,128,143,143,0,0.7231481075286865,140863
1207,1296,128,134,134,0,0.6680312156677246,140997
1208,1412,128,150,150,0,0.7416791915893555,141147
1209,380,32,63,63,0,0.3108649253845215,141210
1210,1020,128,110,110,0,0.5499551296234131,141320
1211,1148,128,125,125,0,0.6210930347442627,141445
1212,872,64,105,105,0,0.5190937519073486,141550
1213,620,64,85,85,0,0.4248507022857666,141635
1214,2508,256,219,219,0,1.093576431274414,141854
1215,1324,128,137,137,0,0.7027754783630371,141991
1216,1024,64,122,122,0,0.6141719818115234,142113
1217,1008,64,121,121,0,0.6061205863952637,142234
1218,644,64,85,85,0,0.4165811538696289,142319
1219,456,64,66,66,0,0.323819637298584,142385
1220,900,64,110,110,0,0.5438389778137207,142495
1221,928,64,113,113,0,0.5844528675079346,142608
1222,1436,128,149,149,0,0.7383072376251221,142757
1223,556,64,78,78,0,0.3876814842224121,142835
1224,1384,128,144,144,0,0.7203247547149658,142979
1225,2312,256,193,193,0,0.9649026393890381,143172
1226,780,64,101,101,0,0.49817776679992676,143273
1227,1168,128,119,119,0,0.589184045791626,143392
1228,1044,128,114,114,0,0.5826475620269775,143506
1229,512,64,72,72,0,0.35817599296569824,143578
1230,1364,128,143,143,0,0.7235920429229736,143721
1231,1676,128,171,171,0,0.8580367565155029,143892
1232,884,64,107,107,0,0.5272786617279053,143999
1233,820,64,102,102,0,0.5069472789764404,144101
1234,1388,128,143,143,0,0.7165431976318359,144244
1235,1452,128,152,152,0,0.7568964958190918,144396
1236,480,32,74,74,0,0.37370777130126953,144470
1237,1288,128,132,132,0,0.5692267417907715,144602
1238,276,32,53,53,0,0.23064041137695312,144655
1239,1372,128,144,144,0,0.6244382858276367,144799
1240,572,64,81,81,0,0.3477160930633545,144880
1241,1012,128,108,108,0,0.5327229499816895,144988
1242,1728,128,174,174,0,0.8658246994018555,145162
1243,416,64,61,61,0,0.30125951766967773,145223
1244,1256,128,131,131,0,0.6443150043487549,145354
1245,800,64,107,107,0,0.530829906463623,145461
1246,624,64,86,86,0,0.43254733085632324,145547
1247,1300,128,141,141,0,0.6962940692901611,145688
1248,456,32,75,75,0,0.3718128204345703,145763
1249,1448,128,151,151,0,0.7588720321655273,145914
1250,1052,128,114,114,0,0.5634403228759766,146028
1251,448,32,73,73,0,0.37094569206237793,146101
1252,1064,128,116,116,0,0.5874850749969482,146217
1253,1208,128,131,131,0,0.6596922874450684,146348
1254,956,64,114,114,0,0.5592796802520752,146462
1255,636,64,88,88,0,0.4177854061126709,146550
1256,2208,256,187,187,0,0.8183727264404297,146737
1257,1460,128,154,154,0,0.6766018867492676,146891
1258,1092,128,117,117,0,0.5133504867553711,147008
1259,760,64,93,93,0,0.44780921936035156,147101
1260,1468,128,155,155,0,0.7125253677368164,147256
1261,1076,64,127,127,0,0.6225235462188721,147383
1262,712,64,95,95,0,0.4588744640350342,147478
1263,1724,128,176,176,0,0.9015042781829834,147654
1264,1496,128,158,158,0,0.7975387573242188,147812
1265,564,64,78,78,0,0.38401079177856445,147890
1266,1340,128,138,138,0,0.6795809268951416,148028
1267,788,64,98,98,0,0.4781608581542969,148126
1268,1356,128,141,141,0,0.6944844722747803,148267
1269,1044,128,112,112,0,0.5526027679443359,148379
1270,624,64,86,86,0,0.4029371738433838,148465
1271,1164,128,125,125,0,0.5587456226348877,148590
1272,508,32,80,80,0,0.3620302677154541,148670
1273,728,64,96,96,0,0.4719810485839844,148766
1274,692,64,92,92,0,0.4748504161834717,148858
1275,1028,128,111,111,0,0.5796065330505371,148969
1276,1352,128,143,143,0,0.7067463397979736,149112
1277,1112,128,120,120,0,0.5932216644287109,149232
1278,580,64,80,80,0,0.39438819885253906,149312
1279,1276,128,130,130,0,0.6662323474884033,149442
1280,460,64,67,67,0,0.3293125629425049,149509
1281,1092,64,130,130,0,0.6797213554382324,149639
1282,1016,128,109,109,0,0.4794800281524658,149748
1283,1128,128,121,121,0,0.5365142822265625,149869
1284,1208,128,131,131,0,0.5785191059112549,150000
1285,1412,128,147,147,0,1.1658203601837158,150147
1286,1388,128,143,143,0,0.6924865245819092,150290
1287,332,32,58,58,0,0.2580111026763916,150348
1288,1008,64,121,121,0,0.5365571975708008,150469
1289,1312,128,135,135,0,0.6029088497161865,150604
1290,1312,128,135,135,0,0.5982930660247803,150739
1291,520,64,76,76,0,0.33724188804626465,150815
1292,1072,128,117,117,0,0.5175516605377197,150932
1293,848,64,102,102,0,0.4521362781524658,151034
1294,1452,128,152,152,0,0.6746556758880615,151186
1295,2292,256,192,192,0,0.8571059703826904,151378
1296,1388,128,145,145,0,0.649383544921875,151523
1297,2260,256,191,191,0,0.8548381328582764,151714
1298,1256,128,128,128,0,0.5691046714782715,151842
1299,1228,128,130,130,0,0.5740787982940674,151972
1300,1392,128,143,143,0,0.6346042156219482,152115
1301,1224,128,131,131,0,0.5845935344696045,152246
1302,1220,128,134,134,0,0.6044464111328125,152380
1303,672,64,90,90,0,0.39954328536987305,152470
1304,1128,128,121,121,0,0.5400054454803467,152591
1305,1032,128,112,112,0,0.4917905330657959,152703
1306,360,32,64,64,0,0.28118085861206055,152767
1307,1076,128,118,118,0,0.5255639553070068,152885
1308,2896,256,241,241,0,1.0620083808898926,153126
1309,1640,128,167,167,0,0.7327022552490234,153293
1310,1464,128,149,149,0,0.6590871810913086,153442
1311,668,64,93,93,0,0.41000962257385254,153535
1312,1096,128,117,117,0,0.590261697769165,153652
1313,264,32,51,51,0,0.2530667781829834,153703
1314,608,64,83,83,0,0.4088616371154785,153786
1315,1836,128,174,174,0,0.8694913387298584,153960
1316,612,64,84,84,0,0.41309046745300293,154044
1317,980,64,116,116,0,0.5805130004882812,154160
1318,1448,128,151,151,0,0.7626743316650391,154311
1319,356,32,60,60,0,0.2967104911804199,154371
1320,1468,128,146,146,0,0.720008373260498,154517
1321,700,64,93,93,0,0.4638183116912842,154610
1322,1332,128,139,139,0,0.6777639389038086,154749
1323,592,64,82,82,0,0.4059934616088867,154831
1324,1148,128,125,125,0,0.6414344310760498,154956
1325,3108,256,258,258,0,1.2793910503387451,155214
1326,624,64,86,86,0,0.4537017345428467,155300
1327,2464,256,210,210,0,1.0582244396209717,155510
1328,1200,128,124,124,0,0.6244866847991943,155634
1329,1004,64,120,120,0,0.5914218425750732,155754
1330,2144,256,182,182,0,0.8971924781799316,155936
1331,1112,128,118,118,0,0.5878617763519287,156054
1332,220,32,47,47,0,0.23826861381530762,156101
1333,1036,128,113,113,0,0.5587558746337891,156214
1334,568,64,78,78,0,0.3900904655456543,156292
1335,1452,128,152,152,0,0.7528789043426514,156444
1336,1432,128,150,150,0,0.7539355754852295,156594
1337,1180,128,128,128,0,0.6330037117004395,156722
1338,1064,128,116,116,0,0.5708377361297607,156838
1339,1316,128,136,136,0,0.69478440284729,156974
1340,696,64,92,92,0,0.45009350776672363,157066
1341,2036,128,190,190,0,0.9412376880645752,157256
1342,596,64,83,83,0,0.4170222282409668,157339
1343,1444,128,151,151,0,0.7650938034057617,157490
1344,1260,128,128,128,0,0.6353757381439209,157618
1345,1336,128,140,140,0,0.703894853591919,157758
1346,1312,128,137,137,0,0.6849069595336914,157895
1347,1684,128,160,160,0,0.7918353080749512,158055
1348,668,64,92,92,0,0.46280574798583984,158147
1349,2340,256,198,198,0,0.9927551746368408,158345
1350,592,64,82,82,0,0.4133419990539551,158427
1351,352,32,60,60,0,0.30313634872436523,158487
1352,1020,128,110,110,0,0.5460023880004883,158597
1353,660,64,88,88,0,0.48218727111816406,158685
1354,720,64,97,97,0,0.4794583320617676,158782
1355,636,64,88,88,0,0.43112850189208984,158870
1356,1264,128,131,131,0,0.6418819427490234,159001
1357,712,64,95,95,0,0.4898843765258789,159096
1358,508,64,74,74,0,0.36449670791625977,159170
1359,1288,128,133,133,0,0.6243724822998047,159303
1360,1176,128,127,127,0,0.5906908512115479,159430
1361,1092,128,116,116,0,0.4965944290161133,159546
1362,1216,128,126,126,0,0.5395538806915283,159672
1363,1356,128,141,141,0,0.664370059967041,159813
1364,2684,256,230,230,0,1.1271367073059082,160043
1365,1268,128,133,133,0,0.5731713771820068,160176
1366,852,64,103,103,0,0.4420616626739502,160279
1367,1612,128,163,163,0,0.7013287544250488,160442
1368,768,64,102,102,0,0.43878912925720215,160544
1369,1080,128,119,119,0,0.5134217739105225,160663
1370,2200,256,189,189,0,0.8155436515808105,160852
1371,1308,128,134,134,0,0.5765290260314941,160986
1372,1364,128,140,140,0,0.6052577495574951,161126
1373,596,64,83,83,0,0.3595852851867676,161209
1374,608,64,83,83,0,0.3603394031524658,161292
1375,1404,128,145,145,0,0.7106750011444092,161437
1376,892,64,109,109,0,0.5362913608551025,161546
1377,1332,128,139,139,0,0.6262352466583252,161685
1378,616,64,85,85,0,0.37256288528442383,161770
1379,708,64,95,95,0,0.4649159908294678,161865
1380,1224,128,125,125,0,0.5909678936004639,161990
1381,280,32,54,54,0,0.23203778266906738,162044
1382,400,64,60,60,0,0.26102209091186523,162104
1383,1232,128,136,136,0,0.5842385292053223,162240
1384,856,64,102,102,0,0.4418513774871826,162342
1385,668,64,89,89,0,0.3848280906677246,162431
1386,564,64,79,79,0,0.34477972984313965,162510
1387,2320,256,196,196,0,0.9535770416259766,162706
1388,684,64,92,92,0,0.44518351554870605,162798
1389,1548,128,157,157,0,0.7853965759277344,162955
1390,732,64,94,94,0,0.429079532623291,163049
1391,348,32,59,59,0,0.28879261016845703,163108
1392,936,128,101,101,0,0.49693870544433594,163209
1393,680,64,91,91,0,0.44550132751464844,163300
1394,356,32,63,63,0,0.3050243854522705,163363
1395,1516,128,153,153,0,0.7497282028198242,163516
1396,1096,128,117,117,0,0.5643134117126465,163633
1397,800,64,96,96,0,0.4629673957824707,163729
1398,1168,128,126,126,0,0.6077432632446289,163855
1399,1440,128,149,149,0,0.7258172035217285,164004
1400,1352,128,140,140,0,0.6632583141326904,164144
1401,776,64,103,103,0,0.45030784606933594,164247
1402,1644,128,168,168,0,0.7353312969207764,164415
1403,304,32,56,56,0,0.24700665473937988,164471
1404,584,64,81,81,0,0.3563849925994873,164552
1405,952,64,113,113,0,0.49538660049438477,164665
1406,1460,128,153,153,0,0.7551727294921875,164818
1407,660,64,87,87,0,0.4337127208709717,164905
1408,1392,128,143,143,0,1.1081116199493408,165048
1409,1384,128,146,146,0,1.4980874061584473,165194
1410,952,64,116,116,0,1.2986607551574707,165310
1411,1144,128,124,124,0,1.3281340599060059,165434
1412,1484,128,156,156,0,1.6448938846588135,165590
1413,444,32,73,73,0,0.7548930644989014,165663
1414,616,64,85,85,0,0.8519892692565918,165748
1415,1400,128,142,142,0,1.331367015838623,165890
1416,560,64,79,79,0,0.7360255718231201,165969
1417,1308,128,134,134,0,1.2514595985412598,166103
1418,676,64,89,89,0,0.8426589965820312,166192
1419,1160,128,127,127,0,1.216451644897461,166319
1420,824,64,107,107,0,1.0014679431915283,166426
1421,1324,128,138,138,0,1.3349418640136719,166564
1422,1036,128,113,113,0,1.101254940032959,166677
1423,832,64,105,105,0,0.9872474670410156,166782
1424,744,64,99,99,0,0.9295077323913574,166881
1425,780,64,101,101,0,0.9358646869659424,166982
1426,276,32,53,53,0,0.491178035736084,167035
1427,324,32,57,57,0,0.5281920433044434,167092
1428,1020,128,110,110,0,1.0266287326812744,167202
1429,636,64,88,88,0,0.815742015838623,167290
1430,968,128,102,102,0,0.9601047039031982,167392
1431,1568,128,164,164,0,1.5361993312835693,167556
1432,656,64,87,87,0,0.8089442253112793,167643
1433,424,32,69,69,0,0.644294023513794,167712
1434,596,64,83,83,0,0.7763111591339111,167795
1435,564,64,79,79,0,0.7558469772338867,167874
1436,544,64,75,75,0,0.8120832443237305,167949
1437,788,64,102,102,0,0.9506626129150391,168051
1438,1328,128,138,138,0,1.2898576259613037,168189
1439,244,32,49,49,0,0.4590437412261963,168238
1440,1140,128,116,116,0,1.0824129581451416,168354
1441,544,64,79,79,0,0.7491402626037598,168433
1442,336,32,62,62,0,0.624086856842041,168495
1443,896,64,109,109,0,1.1287813186645508,168604
1444,2220,256,189,189,0,1.9487738609313965,168793
1445,332,32,61,61,0,0.6454100608825684,168854
1446,760,64,97,97,0,1.0055346488952637,168951
1447,684,64,90,90,0,0.9250073432922363,169041
1448,2508,256,209,209,0,2.1907613277435303,169250
1449,2500,256,214,214,0,2.243896961212158,169464
1450,532,64,73,73,0,0.7567942142486572,169537
1451,572,32,82,82,0,0.8560507297515869,169619
1452,1584,128,162,162,0,1.663088321685791,169781
1453,740,64,98,98,0,1.0276975631713867,169879
1454,640,64,89,89,0,0.8763277530670166,169968
1455,1592,128,168,168,0,1.5760860443115234,170136
1456,700,64,93,93,0,0.864793062210083,170229
1457,476,64,70,70,0,0.6494855880737305,170299
1458,1388,128,142,142,0,1.327772855758667,170441
1459,1272,128,129,129,0,1.2575137615203857,170570
1460,508,64,74,74,0,0.6878774166107178,170644
1461,668,64,81,81,0,0.7520179748535156,170725
1462,1520,128,161,161,0,1.5074639320373535,170886
1463,572,64,79,79,0,0.7306158542633057,170965
1464,664,64,89,89,0,0.8343601226806641,171054
1465,2308,256,192,192,0,1.8189923763275146,171246
1466,1124,128,120,120,0,1.117659330368042,171366
1467,1376,128,144,144,0,1.3566598892211914,171510
1468,792,64,94,94,0,0.8710241317749023,171604
1469,528,32,81,81,0,0.7541978359222412,171685
1470,1008,64,121,121,0,1.1332664489746094,171806
1471,2408,256,207,207,0,1.9828481674194336,172013
1472,1484,128,149,149,0,1.482177972793579,172162
1473,1200,128,124,124,0,1.190046787261963,172286
1474,1200,128,123,123,0,1.1481497287750244,172409
1475,584,64,81,81,0,0.7612366676330566,172490
1476,1372,128,145,145,0,1.4783859252929688,172635
1477,808,64,104,104,0,0.9721517562866211,172739
1478,1060,128,115,115,0,1.1931779384613037,172854
1479,676,64,91,91,0,0.9646329879760742,172945
1480,600,64,83,83,0,0.8652408123016357,173028
1481,684,64,90,90,0,0.8784284591674805,173118
1482,1136,128,122,122,0,1.1671326160430908,173240
1483,692,64,92,92,0,0.8810040950775146,173332
1484,376,32,64,64,0,0.6457796096801758,173396
1485,1344,128,139,139,0,1.3984460830688477,173535
1486,592,64,82,82,0,0.8523097038269043,173617
1487,620,64,85,85,0,0.8796486854553223,173702
1488,288,32,55,55,0,0.5615968704223633,173757
1489,536,32,81,81,0,0.839202880859375,173838
1490,500,64,72,72,0,0.7532773017883301,173910
1491,600,64,84,84,0,0.8829677104949951,173994
1492,552,64,80,80,0,0.8331465721130371,174074
1493,468,64,68,68,0,0.7030375003814697,174142
1494,736,64,89,89,0,0.9250257015228271,174231
1495,1228,128,130,130,0,1.258145809173584,174361
1496,1320,128,136,136,0,1.3207054138183594,174497
1497,896,128,96,96,0,0.9073104858398438,174593
1498,1312,128,138,138,0,1.323481798171997,174731
1499,1088,128,120,120,0,1.1203980445861816,174851
1500,512,64,74,74,0,0.6893637180328369,174925
1501,1492,128,157,157,0,1.4833879470825195,175082
1502,236,32,48,48,0,0.44933509826660156,175130
1503,460,32,71,71,0,0.6613123416900635,175201
1504,2276,256,188,188,0,1.7962121963500977,175389
1505,1332,128,139,139,0,1.2982840538024902,175528
1506,584,64,81,81,0,0.7615852355957031,175609
1507,1380,128,141,141,0,1.3057518005371094,175750
1508,1252,128,131,131,0,1.2969086170196533,175881
1509,1424,128,152,152,0,1.579237937927246,176033
1510,640,64,85,85,0,0.9137370586395264,176118
1511,608,64,83,83,0,0.8449742794036865,176201
1512,1628,128,164,164,0,1.7084505558013916,176365
1513,924,128,99,99,0,1.0228922367095947,176464
1514,1320,128,136,136,0,1.4212172031402588,176600
1515,608,64,85,85,0,0.8797116279602051,176685
1516,640,64,89,89,0,0.9202373027801514,176774
1517,580,64,80,80,0,0.8328487873077393,176854
1518,1628,128,164,164,0,1.7047996520996094,177018
1519,1156,128,117,117,0,1.285186767578125,177135
1520,2672,256,215,215,0,2.225613594055176,177350
1521,2280,256,190,190,0,2.000321626663208,177540
1522,1476,128,155,155,0,1.57889986038208,177695
1523,724,64,95,95,0,0.9074509143829346,177790
1524,1632,128,165,165,0,1.709320068359375,177955
1525,1364,128,142,142,0,1.4828176498413086,178097
1526,592,64,82,82,0,0.8691561222076416,178179
1527,1228,128,135,135,0,1.49481201171875,178314
1528,2756,256,226,226,0,2.417724609375,178540
1529,1464,128,152,152,0,1.6192922592163086,178692
1530,1420,128,148,148,0,1.5112993717193604,178840
1531,1376,128,145,145,0,1.394972801208496,178985
1532,1512,128,152,152,0,1.4189708232879639,179137
1533,1520,128,154,154,0,1.435504674911499,179291
1534,860,64,105,105,0,0.9804642200469971,179396
1535,928,64,113,113,0,1.0799782276153564,179509
1536,2032,256,171,171,0,1.773214340209961,179680
1537,1232,128,129,129,0,1.251115322113037,179809
1538,2664,256,227,227,0,2.2036643028259277,180036
1539,660,64,90,90,0,0.9303798675537109,180126
1540,708,64,94,94,0,0.9662234783172607,180220
1541,628,64,87,87,0,0.8886501789093018,180307
1542,652,64,87,87,0,0.908710241317749,180394
1543,496,64,69,69,0,0.7258791923522949,180463
1544,604,64,83,83,0,0.8625829219818115,180546
1545,428,32,70,70,0,0.6627230644226074,180616
1546,1340,128,140,140,0,1.3027687072753906,180756
1547,1060,128,115,115,0,1.0886225700378418,180871
1548,540,64,78,78,0,0.7355673313140869,180949
1549,1124,128,119,119,0,1.1154890060424805,181068
1550,684,64,90,90,0,0.8400065898895264,181158
1551,636,64,86,86,0,0.8239922523498535,181244
1552,1336,128,139,139,0,1.4131169319152832,181383
1553,1880,128,179,179,0,1.6854519844055176,181562
1554,1204,128,128,128,0,1.2207865715026855,181690
1555,932,64,114,114,0,1.1656291484832764,181804
1556,2856,256,236,236,0,2.4551708698272705,182040
1557,1352,128,137,137,0,1.5014572143554688,182177
1558,2452,256,209,209,0,1.9893603324890137,182386
1559,1132,128,121,121,0,1.1396033763885498,182507
1560,1396,128,143,143,0,1.477752685546875,182650
1561,1316,128,136,136,0,1.3972911834716797,182786
1562,680,64,91,91,0,0.9427280426025391,182877
1563,1020,128,110,110,0,1.1932971477508545,182987
1564,752,64,96,96,0,1.0216989517211914,183083
1565,1436,128,149,149,0,1.5888326168060303,183232
1566,1044,128,109,109,0,1.1507866382598877,183341
1567,628,64,87,87,0,0.9531970024108887,183428
1568,1248,128,130,130,0,1.3885579109191895,183558
1569,2532,256,215,215,0,2.280409097671509,183773
1570,628,64,85,85,0,0.9086170196533203,183858
1571,1440,128,150,150,0,1.6048951148986816,184008
1572,1176,128,125,125,0,1.3519539833068848,184133
1573,560,64,79,79,0,0.8451757431030273,184212
1574,636,64,88,88,0,0.94063401222229,184300
1575,1652,128,170,170,0,1.8450615406036377,184470
1576,800,64,105,105,0,1.1233904361724854,184575
1577,960,64,114,114,0,1.205068826675415,184689
1578,592,64,82,82,0,0.8611195087432861,184771
1579,456,64,66,66,0,0.7134702205657959,184837
1580,596,64,83,83,0,0.8066072463989258,184920
1581,2396,256,201,201,0,1.8912858963012695,185121
1582,436,32,71,71,0,0.6833038330078125,185192
1583,1496,128,149,149,0,1.3938961029052734,185341
1584,1360,128,142,142,0,1.3561182022094727,185483
1585,584,64,81,81,0,0.8406965732574463,185564
1586,1284,128,132,132,0,1.365321159362793,185696
1587,1172,128,127,127,0,1.3510572910308838,185823
1588,692,64,92,92,0,0.9877612590789795,185915
1589,1372,128,144,144,0,1.52713942527771,186059
1590,1200,128,123,123,0,1.3243370056152344,186182
1591,884,64,108,108,0,1.1928749084472656,186290
1592,300,32,57,57,0,0.6075088977813721,186347
1593,448,32,73,73,0,0.820073127746582,186420
1594,892,128,95,95,0,1.0102570056915283,186515
1595,1312,128,135,135,0,1.4498820304870605,186650
1596,784,64,98,98,0,1.0569350719451904,186748
1597,1064,128,111,111,0,1.1900324821472168,186859
1598,1028,128,111,111,0,1.191148281097412,186970
1599,1100,128,120,120,0,1.2840070724487305,187090
1600,664,64,91,91,0,0.9580411911010742,187181
1601,736,64,98,98,0,1.1200737953186035,187279
1602,1108,128,119,119,0,1.2562716007232666,187398
1603,700,64,93,93,0,0.9833862781524658,187491
1604,1352,128,140,140,0,1.4793899059295654,187631
1605,1020,128,110,110,0,1.1721820831298828,187741
1606,1492,128,152,152,0,1.6169161796569824,187893
1607,1312,128,135,135,0,1.328171968460083,188028
1608,1156,128,124,124,0,1.2264494895935059,188152
1609,768,64,95,95,0,0.9777147769927979,188247
1610,888,64,108,108,0,1.1089153289794922,188355
1611,672,64,93,93,0,0.9570069313049316,188448
1612,916,64,111,111,0,1.1986970901489258,188559
1613,1296,128,134,134,0,1.4119672775268555,188693
1614,1012,128,108,108,0,1.0920844078063965,188801
1615,624,64,86,86,0,0.8010411262512207,188887
1616,1392,128,146,146,0,1.356938362121582,189033
1617,584,64,81,81,0,0.7592020034790039,189114
1618,1032,128,112,112,0,1.0558879375457764,189226
1619,1472,128,147,147,0,1.4023020267486572,189373
1620,828,64,108,108,0,1.1171879768371582,189481
1621,2440,256,208,208,0,2.196582078933716,189689
1622,580,32,84,84,0,0.924393892288208,189773
1623,2808,256,234,234,0,2.4355831146240234,190007
1624,1168,128,126,126,0,1.3093879222869873,190133
1625,820,64,99,99,0,1.0735018253326416,190232
1626,1256,128,132,132,0,1.403151512145996,190364
1627,1048,128,113,113,0,1.2009422779083252,190477
1628,2000,256,167,167,0,1.7995257377624512,190644
1629,1284,128,134,134,0,1.4337432384490967,190778
1630,2188,256,187,187,0,1.987696647644043,190965
1631,1172,128,127,127,0,1.3996562957763672,191092
1632,1360,128,141,141,0,1.5035042762756348,191233
1633,1384,128,147,147,0,1.5251507759094238,191380
1634,1116,128,119,119,0,1.1493010520935059,191499
1635,740,64,98,98,0,1.0103471279144287,191597
1636,1392,128,143,143,0,1.3815979957580566,191740
1637,684,64,90,90,0,0.8370320796966553,191830
1638,560,64,79,79,0,0.7380096912384033,191909
1639,624,64,88,88,0,0.8232698440551758,191997
1640,720,64,95,95,0,0.8961384296417236,192092
1641,1016,128,109,109,0,1.0215649604797363,192201
1642,968,64,116,116,0,1.1097424030303955,192317
1643,1096,128,117,117,0,1.0951635837554932,192434
1644,1072,128,117,117,0,1.0911176204681396,192551
1645,1208,128,124,124,0,1.161255121231079,192675
1646,1352,128,140,140,0,1.314603328704834,192815
1647,1220,128,131,131,0,1.2193398475646973,192946
1648,692,64,92,92,0,0.8605551719665527,193038
1649,724,64,95,95,0,0.8950455188751221,193133
1650,612,64,84,84,0,0.8840272426605225,193217
1651,556,64,78,78,0,0.7905533313751221,193295
1652,800,64,99,99,0,0.926016092300415,193394
1653,728,64,89,89,0,0.8325960636138916,193483
1654,1136,128,122,122,0,1.1407833099365234,193605
1655,684,64,90,90,0,0.8492286205291748,193695
1656,1444,128,150,150,0,1.413381576538086,193845
1657,1448,128,152,152,0,1.4206876754760742,193997
1658,620,64,85,85,0,0.7896823883056641,194082
1659,1092,128,119,119,0,1.1652023792266846,194201
1660,1140,128,123,123,0,1.2806930541992188,194324
1661,1992,256,165,165,0,1.7002379894256592,194489
1662,980,128,104,104,0,1.105069875717163,194593
1663,1232,128,127,127,0,1.3577766418457031,194720
1664,628,64,87,87,0,0.9255309104919434,194807
1665,1160,64,132,132,0,1.4322359561920166,194939
1666,1352,128,137,137,0,1.463521957397461,195076
1667,1044,128,112,112,0,1.2007207870483398,195188
1668,1676,128,172,172,0,1.8368830680847168,195360
1669,880,64,106,106,0,1.135056734085083,195466
1670,1360,128,139,139,0,1.5211246013641357,195605
1671,2256,256,186,186,0,1.9928314685821533,195791
1672,1132,128,121,121,0,1.3329989910125732,195912
1673,656,64,90,90,0,0.9537780284881592,196002
1674,1564,128,159,159,0,1.7360284328460693,196161
1675,596,64,83,83,0,0.8972055912017822,196244
1676,732,64,97,97,0,1.0551166534423828,196341
1677,1508,128,158,158,0,1.6658527851104736,196499
1678,664,64,89,89,0,0.9596333503723145,196588
1679,984,128,105,105,0,1.164245367050171,196693
1680,1228,128,126,126,0,1.3494784832000732,196819
1681,1068,128,112,112,0,1.1976683139801025,196931
1682,608,64,83,83,0,0.8124415874481201,197014
1683,1368,128,144,144,0,1.4975569248199463,197158
1684,888,64,108,108,0,1.1211626529693604,197266
1685,2388,256,203,203,0,2.1145806312561035,197469
1686,1340,128,141,141,0,1.4862627983093262,197610
1687,1448,128,151,151,0,1.553206443786621,197761
1688,308,32,57,57,0,0.5834512710571289,197818
1689,1908,128,185,185,0,1.9398789405822754,198003
1690,1352,128,140,140,0,1.467383861541748,198143
1691,436,64,65,65,0,0.6620352268218994,198208
1692,1584,128,163,163,0,1.7383270263671875,198371
1693,1072,64,126,126,0,1.3413598537445068,198497
1694,1156,128,126,126,0,1.3013441562652588,198623
1695,1176,128,129,129,0,1.3441267013549805,198752
1696,3152,256,262,262,0,2.7698395252227783,199014
1697,2412,256,205,205,0,2.1263697147369385,199219
1698,1176,128,121,121,0,1.2667152881622314,199340
1699,748,64,100,100,0,1.0766429901123047,199440
1700,408,32,68,68,0,0.743394136428833,199508
1701,816,64,105,105,0,1.1274278163909912,199613
1702,1256,128,131,131,0,1.4370644092559814,199744
1703,1556,128,162,162,0,1.7281858921051025,199906
1704,592,64,82,82,0,0.8983705043792725,199988
1705,392,32,65,65,0,1.4891905784606934,200053
1706,676,64,89,89,0,0.8539142608642578,200142
1707,1288,128,132,132,0,1.3826570510864258,200274
1708,588,64,82,82,0,0.8649046421051025,200356
1709,1100,128,117,117,0,1.2040529251098633,200473
1710,700,64,93,93,0,0.9698207378387451,200566
1711,1340,128,140,140,0,1.4498615264892578,200706
1712,1416,128,148,148,0,1.568070888519287,200854
1713,1336,128,139,139,0,1.5035929679870605,200993
1714,516,64,75,75,0,0.7811629772186279,201068
1715,1144,128,122,122,0,1.1516854763031006,201190
1716,1608,128,164,164,0,1.6267578601837158,201354
1717,432,64,64,64,0,0.6702799797058105,201418
1718,396,32,66,66,0,0.6747150421142578,201484
1719,1336,128,139,139,0,1.4589693546295166,201623
1720,968,64,119,119,0,1.227987289428711,201742
1721,312,32,57,57,0,0.5921564102172852,201799
1722,792,64,103,103,0,1.0704219341278076,201902
1723,616,64,85,85,0,0.8773324489593506,201987
1724,1228,128,128,128,0,1.311166524887085,202115
1725,1108,128,119,119,0,1.3261680603027344,202234
1726,1380,128,145,145,0,1.5924606323242188,202379
1727,924,64,113,113,0,1.2122175693511963,202492
1728,736,64,97,97,0,1.0301878452301025,202589
1729,612,64,81,81,0,0.8765089511871338,202670
1730,788,64,100,100,0,1.0879402160644531,202770
1731,1448,128,151,151,0,1.6077618598937988,202921
1732,624,64,83,83,0,0.8820295333862305,203004
1733,612,64,84,84,0,0.911827802658081,203088
1734,2248,256,187,187,0,2.009488582611084,203275
1735,380,32,63,63,0,0.6772139072418213,203338
1736,1764,128,168,168,0,1.8540585041046143,203506
1737,1288,128,139,139,0,1.4922733306884766,203645
1738,580,64,80,80,0,0.8823301792144775,203725
1739,624,64,86,86,0,0.9123857021331787,203811
1740,1400,128,144,144,0,1.5324265956878662,203955
1741,1332,128,138,138,0,1.486316442489624,204093
1742,1348,128,140,140,0,1.5130946636199951,204233
1743,1948,128,182,182,0,1.9663116931915283,204415
1744,2252,256,186,186,0,2.024512529373169,204601
1745,968,64,119,119,0,1.2848739624023438,204720
1746,1356,128,141,141,0,1.590090036392212,204861
1747,1376,128,144,144,0,1.548429012298584,205005
1748,1336,128,139,139,0,1.4941191673278809,205144
1749,1364,128,142,142,0,1.5327866077423096,205286
1750,660,64,91,91,0,0.9934995174407959,205377
1751,680,64,94,94,0,1.007779598236084,205471
1752,2016,256,168,168,0,1.827777624130249,205639
1753,936,64,115,115,0,1.228332281112671,205754
1754,1628,128,165,165,0,1.7866625785827637,205919
1755,1052,128,114,114,0,1.257697343826294,206033
1756,584,64,81,81,0,0.8633325099945068,206114
1757,2136,256,180,180,0,1.9347198009490967,206294
1758,1872,128,172,172,0,1.8626575469970703,206466
1759,1016,64,122,122,0,1.3048882484436035,206588
1760,1300,128,141,141,0,1.4985642433166504,206729
1761,1320,128,136,136,0,1.4633708000183105,206865
1762,1016,128,109,109,0,1.1828930377960205,206974
1763,316,32,58,58,0,0.6155085563659668,207032
1764,560,64,79,79,0,0.8453235626220703,207111
1765,1208,128,125,125,0,1.3312466144561768,207236
1766,640,64,84,84,0,0.9435467720031738,207320
1767,592,64,82,82,0,0.8899776935577393,207402
1768,1164,128,125,125,0,1.229956865310669,207527
1769,404,32,67,67,0,0.6320927143096924,207594
1770,368,32,63,63,0,0.5975265502929688,207657
1771,2412,256,202,202,0,1.961620569229126,207859
1772,1500,128,158,158,0,1.6620817184448242,208017
1773,484,64,71,71,0,0.724104642868042,208088
1774,844,64,102,102,0,0.9693002700805664,208190
1775,888,64,108,108,0,1.029798984527588,208298
1776,896,64,109,109,0,1.0253279209136963,208407
1777,592,64,82,82,0,0.8159363269805908,208489
1778,1312,128,135,135,0,1.2962243556976318,208624
1779,316,32,58,58,0,0.5424206256866455,208682
1780,724,64,96,96,0,0.9046177864074707,208778
1781,1352,128,142,142,0,1.3385708332061768,208920
1782,712,64,95,95,0,0.8872358798980713,209015
1783,732,64,97,97,0,0.9250328540802002,209112
1784,1828,128,175,175,0,1.6366801261901855,209287
1785,700,64,93,93,0,0.9384162425994873,209380
1786,604,64,84,84,0,0.8796043395996094,209464
1787,668,64,92,92,0,0.9655723571777344,209556
1788,1324,128,137,137,0,1.467099666595459,209693
1789,904,64,109,109,0,1.1461155414581299,209802
1790,744,64,99,99,0,0.9505069255828857,209901
1791,692,64,92,92,0,0.9285984039306641,209993
1792,628,64,87,87,0,0.919858455657959,210080
1793,2284,256,190,190,0,1.9749808311462402,210270
1794,1416,128,148,148,0,1.5366816520690918,210418
1795,1236,128,128,128,0,1.3272457122802734,210546
1796,656,64,90,90,0,0.9334688186645508,210636
1797,700,64,93,93,0,0.9452769756317139,210729
1798,764,64,94,94,0,0.9723575115203857,210823
1799,580,64,80,80,0,0.8350036144256592,210903
1800,1324,128,137,137,0,1.452439785003662,211040
1801,844,64,102,102,0,1.0634829998016357,211142
1802,724,64,95,95,0,0.9886069297790527,211237
1803,1356,128,141,141,0,1.494149923324585,211378
1804,856,64,104,104,0,1.0762760639190674,211482
1805,884,64,107,107,0,1.1038744449615479,211589
1806,2220,256,185,185,0,1.955653190612793,211774
1807,632,64,87,87,0,0.9032464027404785,211861
1808,668,64,92,92,0,0.9560704231262207,211953
1809,1432,128,148,148,0,1.5346806049346924,212101
1810,732,64,96,96,0,1.0563912391662598,212197
1811,1380,128,146,146,0,1.517716884613037,212343
1812,584,64,81,81,0,0.8363950252532959,212424
1813,1280,128,131,131,0,1.3563868999481201,212555
1814,2376,256,203,203,0,2.1068644523620605,212758
1815,1532,128,160,160,0,1.683042287826538,212918
1816,1260,128,132,132,0,1.423187255859375,213050
1817,1320,128,136,136,0,1.4722003936767578,213186
1818,2296,256,190,190,0,2.0434985160827637,213376
1819,708,64,94,94,0,1.035644292831421,213470
1820,1116,128,118,118,0,1.263967514038086,213588
1821,1424,128,147,147,0,1.6140244007110596,213735
1822,2320,256,194,194,0,2.085369348526001,213929
1823,1476,128,154,154,0,1.6675281524658203,214083
1824,1424,128,151,151,0,1.6203293800354004,214234
1825,568,64,78,78,0,0.8325765132904053,214312
1826,1204,128,124,124,0,1.328660488128662,214436
1827,948,128,103,103,0,1.1265244483947754,214539
1828,608,64,83,83,0,0.8834161758422852,214622
1829,928,64,110,110,0,1.2250328063964844,214732
1830,876,64,106,106,0,1.1383745670318604,214838
1831,404,32,67,67,0,0.7189185619354248,214905
1832,524,64,72,72,0,0.7667224407196045,214977
1833,608,64,85,85,0,0.9145936965942383,215062
1834,1000,128,106,106,0,1.1471810340881348,215168
1835,1028,128,112,112,0,1.1936917304992676,215280
1836,764,64,94,94,0,1.0094785690307617,215374
1837,248,32,48,48,0,0.5118637084960938,215422
1838,920,128,100,100,0,1.0812757015228271,215522
1839,672,64,90,90,0,0.9651384353637695,215612
1840,664,64,89,89,0,0.9483435153961182,215701
1841,316,32,58,58,0,0.6192054748535156,215759
1842,1628,128,165,165,0,1.7705078125,215924
1843,2144,256,182,182,0,1.8285372257232666,216106
1844,1212,128,125,125,0,1.2142767906188965,216231
1845,1092,128,119,119,0,1.141587495803833,216350
1846,808,64,100,100,0,1.0547897815704346,216450
1847,732,64,97,97,0,1.0096094608306885,216547
1848,756,64,92,92,0,0.9542324542999268,216639
1849,1464,128,152,152,0,1.5934789180755615,216791
1850,1452,128,144,144,0,1.5033104419708252,216935
1851,1140,128,123,123,0,1.2913556098937988,217058
1852,620,64,83,83,0,0.8626246452331543,217141
1853,696,64,92,92,0,0.9521582126617432,217233
1854,2336,256,197,197,0,2.1179800033569336,217430
1855,2144,256,182,182,0,1.8945860862731934,217612
1856,1176,128,119,119,0,1.2513988018035889,217731
1857,1328,128,138,138,0,1.4346928596496582,217869
1858,1088,128,118,118,0,1.2210536003112793,217987
1859,940,64,115,115,0,1.1938905715942383,218102
1860,1380,128,144,144,0,1.4854052066802979,218246
1861,800,64,102,102,0,1.0780680179595947,218348
1862,1460,128,145,145,0,1.5162274837493896,218493
1863,584,64,81,81,0,0.8382627964019775,218574
1864,1296,128,133,133,0,1.4334242343902588,218707
1865,1740,128,165,165,0,1.6881771087646484,218872
1866,864,64,106,106,0,1.0009288787841797,218978
1867,1060,128,115,115,0,1.1247873306274414,219093
1868,492,64,71,71,0,0.736302375793457,219164
1869,412,32,67,67,0,0.6876494884490967,219231
1870,1392,128,148,148,0,1.5367980003356934,219379
1871,1108,128,117,117,0,1.2463669776916504,219496
1872,1176,128,121,121,0,1.2749829292297363,219617
1873,812,64,96,96,0,0.9943420886993408,219713
1874,1328,128,138,138,0,1.4414260387420654,219851
1875,1400,128,144,144,0,1.5801098346710205,219995
1876,1420,128,148,148,0,1.4250929355621338,220143
1877,924,128,99,99,0,0.9760580062866211,220242
1878,1236,128,128,128,0,1.376661777496338,220370
1879,1356,128,141,141,0,1.4546797275543213,220511
1880,1244,128,129,129,0,1.3532936573028564,220640
1881,1404,128,145,145,0,1.5067994594573975,220785
1882,304,32,58,58,0,0.5928597450256348,220843
1883,736,64,91,91,0,0.9705629348754883,220934
1884,1516,128,153,153,0,1.632906436920166,221087
1885,1284,128,131,131,0,1.387308120727539,221218
1886,1420,128,151,151,0,1.7116665840148926,221369
1887,1524,128,154,154,0,1.6443102359771729,221523
1888,1052,64,127,127,0,1.360517978668213,221650
1889,1444,128,150,150,0,1.641355037689209,221800
1890,644,64,90,90,0,0.9521660804748535,221890
1891,580,64,80,80,0,0.8531670570373535,221970
1892,548,64,76,76,0,0.8098151683807373,222046
1893,748,64,100,100,0,1.0541319847106934,222146
1894,408,32,68,68,0,0.7424037456512451,222214
1895,1064,128,116,116,0,1.2451715469360352,222330
1896,1280,128,131,131,0,1.4097399711608887,222461
1897,1752,128,182,182,0,2.0061728954315186,222643
1898,1076,128,113,113,0,1.1999053955078125,222756
1899,1136,128,122,122,0,1.2988076210021973,222878
1900,656,64,87,87,0,0.9358048439025879,222965
1901,1128,128,120,120,0,1.2657263278961182,223085
1902,1680,128,159,159,0,1.7350800037384033,223244
1903,1016,64,123,123,0,1.313488245010376,223367
1904,468,32,75,75,0,0.8222899436950684,223442
1905,1404,128,148,148,0,1.5893476009368896,223590
1906,1420,128,149,149,0,1.590780258178711,223739
1907,748,64,100,100,0,1.133359432220459,223839
1908,1332,128,138,138,0,1.4695563316345215,223977
1909,1112,128,119,119,0,1.283813714981079,224096
1910,916,64,115,115,0,1.228062629699707,224211
1911,640,64,89,89,0,0.9514725208282471,224300
1912,1636,128,166,166,0,1.711470603942871,224466
1913,1504,128,160,160,0,1.5355582237243652,224626
1914,688,64,91,91,0,0.8756017684936523,224717
1915,2404,256,203,203,0,2.096709966659546,224920
1916,1012,128,108,108,0,1.1225628852844238,225028
1917,568,64,80,80,0,0.8449549674987793,225108
1918,700,64,93,93,0,1.0342695713043213,225201
1919,832,64,100,100,0,1.0485846996307373,225301
1920,736,64,98,98,0,1.0262832641601562,225399
1921,1576,128,157,157,0,1.663339614868164,225556
1922,1324,128,138,138,0,1.4273033142089844,225694
1923,1244,128,129,129,0,1.3236634731292725,225823
1924,1388,128,147,147,0,1.546125888824463,225970
1925,1236,128,128,128,0,1.3300247192382812,226098
1926,324,32,60,60,0,0.6228837966918945,226158
1927,1324,128,137,137,0,1.3231382369995117,226295
1928,1232,128,131,131,0,1.3318262100219727,226426
1929,680,64,94,94,0,0.9035060405731201,226520
1930,704,64,94,94,0,0.884171724319458,226614
1931,1408,128,146,146,0,1.3666987419128418,226760
1932,624,64,86,86,0,0.8077852725982666,226846
1933,1264,128,133,133,0,1.255993127822876,226979
1934,756,64,93,93,0,0.8781909942626953,227072
1935,1144,128,123,123,0,1.1466338634490967,227195
1936,1012,128,108,108,0,1.008720874786377,227303
1937,648,64,86,86,0,0.80838942527771,227389
1938,528,64,74,74,0,0.6945884227752686,227463
1939,1492,128,154,154,0,1.4490573406219482,227617
1940,688,64,91,91,0,0.8533070087432861,227708
1941,684,64,90,90,0,0.8400628566741943,227798
1942,628,64,84,84,0,0.7881770133972168,227882
1943,1348,128,139,139,0,1.3162264823913574,228021
1944,1072,128,114,114,0,1.0835957527160645,228135
1945,1664,128,170,170,0,1.6112735271453857,228305
1946,1392,128,143,143,0,1.4873628616333008,228448
1947,752,64,101,101,0,1.0650477409362793,228549
1948,1480,128,155,155,0,1.6240575313568115,228704
1949,636,64,88,88,0,0.9123532772064209,228792
1950,628,64,87,87,0,0.8942797183990479,228879
1951,1336,128,140,140,0,1.4703752994537354,229019
1952,1332,128,136,136,0,1.4239370822906494,229155
1953,1520,128,154,154,0,1.6519665718078613,229309
1954,1396,128,143,143,0,1.5223932266235352,229452
1955,628,64,87,87,0,0.9300615787506104,229539
1956,1328,128,138,138,0,1.4841992855072021,229677
1957,1400,128,144,144,0,1.5588514804840088,229821
1958,1276,128,131,131,0,1.404259443283081,229952
1959,992,128,107,107,0,1.0831489562988281,230059
1960,732,64,97,97,0,1.038330316543579,230156
1961,660,64,88,88,0,0.9596140384674072,230244
1962,1284,128,132,132,0,1.4211435317993164,230376
1963,424,32,69,69,0,0.743344783782959,230445
1964,1600,128,162,162,0,1.7817339897155762,230607
1965,2320,256,195,195,0,1.9816415309906006,230802
1966,1220,128,126,126,0,1.2037456035614014,230928
1967,640,64,86,86,0,0.8257238864898682,231014
1968,848,64,109,109,0,1.0497894287109375,231123
1969,620,64,85,85,0,0.8847777843475342,231208
1970,1148,128,124,124,0,1.2848405838012695,231332
1971,1060,128,115,115,0,1.2180418968200684,231447
1972,1488,128,150,150,0,1.585587501525879,231597
1973,1100,128,120,120,0,1.2513377666473389,231717
1974,444,64,66,66,0,0.6946039199829102,231783
1975,688,64,95,95,0,1.0059216022491455,231878
1976,1280,128,131,131,0,1.3922669887542725,232009
1977,364,32,65,65,0,0.663020133972168,232074
1978,1728,128,174,174,0,1.803023099899292,232248
1979,1456,128,153,153,0,1.5984220504760742,232401
1980,2408,256,203,203,0,2.137068510055542,232604
1981,996,128,107,107,0,1.1523892879486084,232711
1982,1076,128,118,118,0,1.2493700981140137,232829
1983,2348,256,197,197,0,2.1120223999023438,233026
1984,1292,128,134,134,0,1.444533109664917,233160
1985,1180,128,128,128,0,1.4199199676513672,233288
1986,1348,128,140,140,0,1.5078754425048828,233428
1987,2040,256,172,172,0,1.8295605182647705,233600
1988,964,64,118,118,0,1.3073618412017822,233718
1989,2980,256,244,244,0,2.640108108520508,233962
1990,1168,128,126,126,0,1.3434679508209229,234088
1991,692,64,92,92,0,1.0002312660217285,234180
1992,2548,256,219,219,0,2.3796353340148926,234399
1993,304,32,53,53,0,0.5595693588256836,234452
1994,1416,128,147,147,0,1.6095690727233887,234599
1995,404,32,67,67,0,0.7344307899475098,234666
1996,1464,128,152,152,0,1.6411478519439697,234818
1997,1168,128,126,126,0,1.3520283699035645,234944
1998,1120,128,119,119,0,1.2641205787658691,235063
1999,340,32,63,63,0,0.6697618961334229,235126
2000,1468,128,155,155,0,1.6596136093139648,235281
2001,1264,128,137,137,0,1.4503240585327148,235418
2002,1596,128,160,160,0,1.7006282806396484,235578
2003,984,128,105,105,0,1.1503643989562988,235683
2004,1572,128,157,157,0,1.7006702423095703,235840
2005,620,64,87,87,0,0.9595677852630615,235927
2006,1696,128,161,161,0,1.7239680290222168,236088
2007,588,64,81,81,0,0.868180513381958,236169
2008,832,64,103,103,0,1.0939524173736572,236272
2009,2280,256,196,196,0,2.113057851791382,236468
2010,2684,256,217,217,0,2.3474903106689453,236685
2011,1200,128,123,123,0,1.3030834197998047,236808
2012,1260,128,132,132,0,1.4106292724609375,236940
2013,708,64,95,95,0,1.0337955951690674,237035
2014,1620,128,163,163,0,1.7807095050811768,237198
2015,1072,128,115,115,0,1.237593173980713,237313
2016,2372,256,202,202,0,1.996199369430542,237515
2017,776,64,102,102,0,0.9758255481719971,237617
2018,1168,128,126,126,0,1.1787378787994385,237743
2019,1080,128,117,117,0,1.0901272296905518,237860
2020,776,64,96,96,0,0.9068603515625,237956
2021,1512,128,152,152,0,1.592646598815918,238108
2022,556,64,78,78,0,0.8028175830841064,238186
2023,2284,256,190,190,0,1.9567031860351562,238376
2024,712,64,95,95,0,0.9913873672485352,238471
2025,2264,256,188,188,0,2.006037950515747,238659
2026,788,64,105,105,0,1.0066947937011719,238764
2027,720,64,97,97,0,0.908735990524292,238861
2028,2356,256,199,199,0,1.8600435256958008,239060
2029,1228,128,128,128,0,1.2404308319091797,239188
2030,508,64,74,74,0,0.7733469009399414,239262
2031,1228,128,130,130,0,1.3289074897766113,239392
2032,856,64,108,108,0,1.1337084770202637,239500
2033,1456,128,148,148,0,1.5365715026855469,239648
2034,732,64,97,97,0,1.0242528915405273,239745
2035,572,64,79,79,0,0.7932994365692139,239824
2036,1024,128,111,111,0,1.0955774784088135,239935
2037,1012,128,108,108,0,1.0526399612426758,240043
2038,728,64,96,96,0,0.9680657386779785,240139
2039,648,64,90,90,0,0.9313290119171143,240229
2040,1412,128,146,146,0,1.5083508491516113,240375
2041,1544,128,156,156,0,1.6335349082946777,240531
2042,392,32,65,65,0,0.6796791553497314,240596
2043,1256,128,132,132,0,1.384835958480835,240728
2044,272,32,52,52,0,0.5428147315979004,240780
2045,784,64,104,104,0,1.072866439819336,240884
2046,1380,128,143,143,0,1.4899649620056152,241027
2047,1016,64,123,123,0,1.293393611907959,241150
2048,1296,128,135,135,0,1.452392578125,241285
2049,1264,128,134,134,0,1.4122025966644287,241419
2050,588,64,81,81,0,0.846806526184082,241500
2051,352,32,60,60,0,0.6763999462127686,241560
2052,872,64,105,105,0,1.0779876708984375,241665
2053,304,32,56,56,0,0.5287110805511475,241721
2054,1016,128,109,109,0,1.0248382091522217,241830
2055,1452,128,143,143,0,1.4449553489685059,241973
2056,904,64,109,109,0,1.138679027557373,242082
2057,988,128,106,106,0,1.0918147563934326,242188
2058,1300,128,141,141,0,1.4394969940185547,242329
2059,592,64,82,82,0,0.8590595722198486,242411
2060,1060,128,110,110,0,1.1720848083496094,242521
2061,764,64,94,94,0,1.0126025676727295,242615
2062,408,32,68,68,0,0.6986789703369141,242683
2063,2252,256,189,189,0,1.973242998123169,242872
2064,664,64,87,87,0,0.8931112289428711,242959
2065,1340,128,138,138,0,1.4271726608276367,243097
2066,1308,128,134,134,0,1.393009901046753,243231
2067,1372,128,145,145,0,1.531827449798584,243376
2068,1312,128,135,135,0,1.439929723739624,243511
2069,388,32,66,66,0,0.663715124130249,243577
2070,888,64,108,108,0,1.0655474662780762,243685
2071,612,64,84,84,0,0.825566291809082,243769
2072,812,64,96,96,0,0.9573776721954346,243865
2073,1360,128,142,142,0,1.4599437713623047,244007
2074,808,64,100,100,0,0.9836161136627197,244107
2075,1508,128,155,155,0,1.4628870487213135,244262
2076,1184,128,123,123,0,1.1982486248016357,244385
2077,700,64,93,93,0,0.8774371147155762,244478
2078,3184,256,265,265,0,2.6878674030303955,244743
2079,1496,128,159,159,0,1.671032190322876,244902
2080,580,64,80,80,0,0.8247025012969971,244982
2081,568,64,80,80,0,0.8245728015899658,245062
2082,2424,256,204,204,0,2.1088430881500244,245266
2083,700,64,93,93,0,1.0253612995147705,245359
2084,1352,128,140,140,0,1.4667563438415527,245499
2085,1056,128,114,114,0,1.1921932697296143,245613
2086,1248,128,130,130,0,1.3476495742797852,245743
2087,796,64,98,98,0,1.0468690395355225,245841
2088,684,64,94,94,0,1.003779649734497,245935
2089,696,64,92,92,0,0.9741339683532715,246027
2090,1472,128,153,153,0,1.6380972862243652,246180
2091,1744,128,177,177,0,1.9217150211334229,246357
2092,272,32,52,52,0,0.5563371181488037,246409
2093,1620,128,163,163,0,1.727752685546875,246572
2094,652,64,91,91,0,1.0240581035614014,246663
2095,1048,128,113,113,0,1.2018988132476807,246776
2096,1948,128,184,184,0,1.963500738143921,246960
2097,660,64,88,88,0,0.9248816967010498,247048
2098,908,64,107,107,0,1.119643211364746,247155
2099,1344,128,141,141,0,1.5191879272460938,247296
2100,1452,128,152,152,0,1.6193406581878662,247448
2101,944,64,116,116,0,1.2472412586212158,247564
2102,1252,128,126,126,0,1.3315141201019287,247690
2103,1480,128,148,148,0,1.5814192295074463,247838
2104,868,64,106,106,0,1.1406145095825195,247944
2105,1460,128,153,153,0,1.6924116611480713,248097
2106,600,64,83,83,0,0.8976085186004639,248180
2107,316,32,55,55,0,0.5939757823944092,248235
2108,776,64,100,100,0,1.0635507106781006,248335
2109,380,64,57,57,0,0.6216051578521729,248392
2110,2280,256,189,189,0,1.8598668575286865,248581
2111,1124,128,120,120,0,1.1211283206939697,248701
2112,1440,128,150,150,0,1.4062306880950928,248851
2113,1028,128,111,111,0,1.0366830825805664,248962
2114,2340,256,198,198,0,1.8716356754302979,249160
2115,1440,128,149,149,0,1.3947243690490723,249309
2116,712,64,87,87,0,0.8184711933135986,249396
2117,396,32,66,66,0,0.6307463645935059,249462
2118,640,64,84,84,0,0.7799437046051025,249546
2119,384,32,64,64,0,0.5931694507598877,249610
2120,1020,128,109,109,0,1.033393144607544,249719
2121,1048,128,113,113,0,1.0590410232543945,249832
2122,572,64,83,83,0,0.7746162414550781,249915
2123,1344,128,141,141,0,2.269667863845825,250056
2124,656,64,90,90,0,0.8631629943847656,250146
2125,1036,128,112,112,0,1.0717570781707764,250258
2126,2712,256,231,231,0,2.170091152191162,250489
2127,1576,128,157,157,0,1.4887826442718506,250646
2128,540,64,78,78,0,0.7307403087615967,250724
2129,440,32,72,72,0,0.6774084568023682,250796
2130,1164,128,125,125,0,1.1923270225524902,250921
2131,364,32,62,62,0,0.5771331787109375,250983
2132,1396,128,144,144,0,1.3474574089050293,251127
2133,664,64,91,91,0,0.8601634502410889,251218
2134,1612,128,164,164,0,1.5592193603515625,251382
2135,1440,128,150,150,0,1.4107794761657715,251532
2136,708,64,94,94,0,0.8821280002593994,251626
2137,1488,128,156,156,0,1.5407214164733887,251782
2138,664,64,91,91,0,0.8627729415893555,251873
2139,2088,256,179,179,0,1.674532413482666,252052
2140,404,32,65,65,0,0.6191539764404297,252117
2141,1324,128,137,137,0,1.2796502113342285,252254
2142,620,64,85,85,0,0.8163068294525146,252339
2143,1512,128,156,156,0,1.50508713722229,252495
2144,880,64,106,106,0,1.0258746147155762,252601
2145,708,64,94,94,0,0.9223301410675049,252695
2146,308,32,57,57,0,0.6401386260986328,252752
2147,556,64,78,78,0,0.9435713291168213,252830
2148,1376,128,140,140,0,1.547821044921875,252970
2149,508,64,69,69,0,0.7667229175567627,253039
2150,556,64,76,76,0,0.8569657802581787,253115
2151,2364,256,202,202,0,3.0135436058044434,253317
2152,3156,256,262,262,0,4.085844039916992,253579
2153,1344,128,141,141,0,1.9833381175994873,253720
2154,632,64,85,85,0,1.5581238269805908,253805
2155,1992,256,166,166,0,3.227113723754883,253971
2156,2184,256,181,181,0,3.0987138748168945,254152
2157,1216,128,126,126,0,1.6194376945495605,254278
2158,660,64,86,86,0,0.9797778129577637,254364
2159,772,64,96,96,0,1.0832023620605469,254460
2160,1380,128,146,146,0,2.168677806854248,254606
2161,244,32,49,49,0,4.508553504943848,254655
2162,456,64,66,66,0,0.9243698120117188,254721
2163,260,32,50,50,0,0.5728366374969482,254771
2164,576,64,80,80,0,0.9042959213256836,254851
2165,744,64,100,100,0,1.4658279418945312,254951
2166,1356,128,138,138,0,1.4849753379821777,255089
2167,1364,128,142,142,0,1.5599145889282227,255231
2168,1188,128,129,129,0,1.3748013973236084,255360
2169,724,64,97,97,0,0.9990057945251465,255457
2170,2344,256,198,198,0,1.9858205318450928,255655
2171,652,64,87,87,0,0.9293389320373535,255742
2172,1304,128,134,134,0,1.4103450775146484,255876
2173,1308,128,134,134,0,1.4505410194396973,256010
2174,624,64,86,86,0,0.9476735591888428,256096
2175,396,32,66,66,0,0.6950345039367676,256162
2176,2228,256,184,184,0,1.9423248767852783,256346
2177,1416,128,147,147,0,1.5242400169372559,256493
2178,584,64,81,81,0,0.8496847152709961,256574
2179,412,64,60,60,0,0.6247127056121826,256634
2180,2780,256,226,226,0,2.3326284885406494,256860
2181,580,64,80,80,0,0.8303608894348145,256940
2182,1372,128,144,144,0,1.5031883716583252,257084
2183,1240,128,132,132,0,1.3625197410583496,257216
2184,2320,256,195,195,0,2.0516626834869385,257411
2185,1324,128,137,137,0,1.3357210159301758,257548
2186,1388,128,142,142,0,1.4201598167419434,257690
2187,1132,128,121,121,0,1.2496604919433594,257811
2188,884,64,107,107,0,1.131993293762207,257918
2189,280,32,54,54,0,0.5665342807769775,257972
2190,1128,128,121,121,0,1.2564997673034668,258093
2191,1208,128,125,125,0,1.2804324626922607,258218
2192,616,64,85,85,0,0.8713126182556152,258303
2193,1340,128,140,140,0,1.456298589706421,258443
2194,1400,128,147,147,0,1.5542707443237305,258590
2195,876,64,110,110,0,1.1395351886749268,258700
2196,604,64,80,80,0,0.8270313739776611,258780
2197,1108,128,119,119,0,1.1334152221679688,258899
2198,616,64,82,82,0,0.8575131893157959,258981
2199,1548,128,157,157,0,1.6292719841003418,259138
2200,580,64,80,80,0,0.8221197128295898,259218
2201,652,64,89,89,0,0.9239933490753174,259307
2202,1048,128,113,113,0,1.1935439109802246,259420
2203,1480,128,152,152,0,1.6146414279937744,259572
2204,1372,128,144,144,0,1.5414159297943115,259716
2205,572,64,79,79,0,0.8172051906585693,259795
2206,2312,256,195,195,0,2.0253090858459473,259990
2207,588,64,77,77,0,0.8066890239715576,260067
2208,992,128,107,107,0,1.1052343845367432,260174
2209,700,64,93,93,0,0.9537005424499512,260267
2210,572,64,81,81,0,0.8302240371704102,260348
2211,612,64,84,84,0,0.8922169208526611,260432
2212,1304,128,135,135,0,1.4577524662017822,260567
2213,572,64,81,81,0,0.8315062522888184,260648
2214,2272,256,190,190,0,1.9743332862854004,260838
2215,652,64,87,87,0,0.8968114852905273,260925
2216,452,32,74,74,0,0.7686104774475098,260999
2217,1424,128,149,149,0,1.5778226852416992,261148
2218,1488,128,150,150,0,1.4609487056732178,261298
2219,1232,128,127,127,0,1.1884510517120361,261425
2220,744,64,99,99,0,0.9296913146972656,261524
2221,1064,128,116,116,0,1.2590868473052979,261640
2222,1460,128,151,151,0,1.5657193660736084,261791
2223,1048,128,115,115,0,1.209460735321045,261906
2224,1416,128,147,147,0,1.519606590270996,262053
2225,2200,256,185,185,0,1.8634140491485596,262238
2226,1332,128,138,138,0,1.297001600265503,262376
2227,1652,128,174,174,0,1.653214693069458,262550
2228,1264,128,128,128,0,1.193711280822754,262678
2229,612,64,86,86,0,0.8040714263916016,262764
2230,628,64,87,87,0,0.820441484451294,262851
2231,1036,128,113,113,0,1.056014060974121,262964
2232,1136,128,122,122,0,1.1434764862060547,263086
2233,380,32,63,63,0,0.5911262035369873,263149
2234,656,64,87,87,0,0.8165180683135986,263236
2235,676,64,93,93,0,0.8688688278198242,263329
2236,664,64,91,91,0,0.8575336933135986,263420
2237,1084,128,115,115,0,1.1064839363098145,263535
2238,1340,128,139,139,0,1.3109862804412842,263674
2239,712,64,95,95,0,0.8881940841674805,263769
2240,1524,128,158,158,0,1.51204252243042,263927
2241,1172,128,127,127,0,1.2962231636047363,264054
2242,608,64,85,85,0,0.8472881317138672,264139
2243,752,64,101,101,0,0.9408018589019775,264240
2244,1448,128,152,152,0,1.419539213180542,264392
2245,1408,128,146,146,0,1.3831894397735596,264538
2246,1160,128,118,118,0,1.1083407402038574,264656
2247,1808,128,171,171,0,1.5961544513702393,264827
2248,776,64,103,103,0,0.9614250659942627,264930
2249,1368,128,144,144,0,1.4790334701538086,265074
2250,692,64,92,92,0,0.9406640529632568,265166
2251,620,64,85,85,0,0.8193953037261963,265251
2252,604,64,84,84,0,0.783778190612793,265335
2253,1304,128,135,135,0,1.2707273960113525,265470
2254,392,32,65,65,0,0.6044495105743408,265535
2255,584,64,81,81,0,0.7728006839752197,265616
2256,648,64,86,86,0,0.9378528594970703,265702
2257,864,64,112,112,0,1.1587848663330078,265814
2258,664,64,93,93,0,0.9691710472106934,265907
2259,2344,256,197,197,0,2.0691254138946533,266104
2260,692,64,92,92,0,0.9547696113586426,266196
2261,784,64,102,102,0,1.05678391456604,266298
2262,1072,128,113,113,0,1.1781835556030273,266411
2263,608,64,83,83,0,0.8547029495239258,266494
2264,1060,128,115,115,0,1.1873595714569092,266609
2265,664,64,91,91,0,0.9520750045776367,266700
2266,704,64,94,94,0,0.9842405319213867,266794
2267,2360,256,199,199,0,2.060584783554077,266993
2268,2028,256,170,170,0,1.7678616046905518,267163
2269,1444,128,151,151,0,1.5561714172363281,267314
2270,876,64,106,106,0,1.104982852935791,267420
2271,1116,128,121,121,0,1.2424647808074951,267541
2272,1688,128,169,169,0,1.7870099544525146,267710
2273,628,64,85,85,0,0.864314079284668,267795
2274,1136,128,125,125,0,1.3118975162506104,267920
2275,760,64,93,93,0,0.959477424621582,268013
2276,976,64,117,117,0,1.1999938488006592,268130
2277,1604,128,160,160,0,1.6612420082092285,268290
2278,1232,128,127,127,0,1.3165464401245117,268417
2279,1200,128,130,130,0,1.3472144603729248,268547
2280,1844,128,175,175,0,1.8536133766174316,268722
2281,788,64,105,105,0,1.0714452266693115,268827
2282,2136,256,181,181,0,1.7266099452972412,269008
2283,1216,128,133,133,0,1.2389271259307861,269141
2284,264,32,51,51,0,0.47867774963378906,269192
2285,832,64,100,100,0,0.9274415969848633,269292
2286,1460,128,151,151,0,1.5021872520446777,269443
2287,500,64,72,72,0,0.7495560646057129,269515
2288,804,64,103,103,0,1.061885118484497,269618
2289,1228,128,133,133,0,1.4115326404571533,269751
2290,1004,64,120,120,0,1.169621467590332,269871
2291,580,64,80,80,0,0.7445948123931885,269951
2292,776,64,96,96,0,0.9013371467590332,270047
2293,1384,128,141,141,0,1.3176465034484863,270188
2294,1376,128,142,142,0,1.4018301963806152,270330
2295,1068,64,130,130,0,1.3621580600738525,270460
2296,1132,128,115,115,0,1.1953809261322021,270575
2297,624,64,86,86,0,0.8779404163360596,270661
2298,504,32,77,77,0,0.83223557472229,270738
2299,536,64,74,74,0,0.7630188465118408,270812
2300,2420,256,204,204,0,1.9574923515319824,271016
2301,552,64,77,77,0,0.7282381057739258,271093
2302,976,128,104,104,0,1.0048391819000244,271197
2303,928,128,100,100,0,1.0237922668457031,271297
2304,544,64,76,76,0,0.7882254123687744,271373
2305,620,64,85,85,0,0.870596170425415,271458
2306,1024,128,110,110,0,1.1362028121948242,271568
2307,1724,128,176,176,0,1.836491584777832,271744
2308,484,64,71,71,0,0.7555639743804932,271815
2309,988,128,106,106,0,1.1117897033691406,271921
2310,692,64,91,91,0,0.9405086040496826,272012
2311,668,64,92,92,0,0.9610626697540283,272104
2312,644,64,90,90,0,0.9263403415679932,272194
2313,1396,128,149,149,0,1.4314773082733154,272343
2314,2232,256,187,187,0,1.776634693145752,272530
2315,404,32,67,67,0,0.650245189666748,272597
2316,1268,128,129,129,0,1.3236358165740967,272726
2317,1172,128,118,118,0,1.257572889328003,272844
2318,2304,256,194,194,0,2.0166757106781006,273038
2319,2260,256,188,188,0,1.9155786037445068,273226
2320,728,64,97,97,0,0.9142851829528809,273323
2321,364,32,62,62,0,0.6519103050231934,273385
2322,1408,128,146,146,0,1.5233187675476074,273531
2323,768,64,100,100,0,1.0260868072509766,273631
2324,764,64,98,98,0,1.00238037109375,273729
2325,1036,128,112,112,0,1.159597635269165,273841
2326,1100,128,117,117,0,1.0996580123901367,273958
2327,556,64,78,78,0,0.7291874885559082,274036
2328,1324,128,135,135,0,1.2597253322601318,274171
2329,968,64,116,116,0,1.140322208404541,274287
2330,2148,256,183,183,0,1.7420709133148193,274470
2331,536,64,74,74,0,0.6852433681488037,274544
2332,420,32,70,70,0,0.6692562103271484,274614
2333,648,64,90,90,0,0.9208214282989502,274704
2334,2616,256,209,209,0,2.037867784500122,274913
2335,1432,128,149,149,0,1.6148695945739746,275062
2336,736,64,91,91,0,0.954737663269043,275153
2337,620,64,85,85,0,0.8826959133148193,275238
2338,1380,128,140,140,0,1.4578258991241455,275378
2339,544,64,78,78,0,0.8099899291992188,275456
2340,1176,128,125,125,0,1.2849645614624023,275581
2341,2328,256,196,196,0,2.0201079845428467,275777
2342,1180,128,122,122,0,1.2748868465423584,275899
2343,1476,128,154,154,0,1.6363897323608398,276053
2344,780,64,95,95,0,0.9768025875091553,276148
2345,2768,256,226,226,0,2.3329055309295654,276374
2346,1280,64,144,144,0,1.4930510520935059,276518
2347,584,64,81,81,0,0.8392786979675293,276599
2348,600,64,82,82,0,0.8370065689086914,276681
2349,1288,128,132,132,0,1.3660657405853271,276813
2350,2376,256,200,200,0,1.9813518524169922,277013
2351,1160,128,124,124,0,1.1545987129211426,277137
2352,592,64,82,82,0,0.7801926136016846,277219
2353,896,64,109,109,0,1.0576486587524414,277328
2354,872,64,107,107,0,1.0739021301269531,277435
2355,948,128,104,104,0,1.0821022987365723,277539
2356,1168,128,126,126,0,1.3027629852294922,277665
2357,312,32,57,57,0,0.5847899913787842,277722
2358,584,64,81,81,0,0.8461482524871826,277803
2359,1600,128,161,161,0,1.617659091949463,277964
2360,640,64,89,89,0,0.8307039737701416,278053
2361,844,64,102,102,0,0.9510259628295898,278155
2362,348,32,59,59,0,0.5541684627532959,278214
2363,1340,128,135,135,0,1.2694222927093506,278349
2364,1016,128,109,109,0,1.0257127285003662,278458
2365,1368,128,143,143,0,1.3308355808258057,278601
2366,1264,128,137,137,0,1.2779195308685303,278738
2367,748,64,97,97,0,0.9154717922210693,278835
2368,1340,128,140,140,0,1.3300888538360596,278975
2369,604,64,84,84,0,0.8040344715118408,279059
2370,988,128,109,109,0,1.016242265701294,279168
2371,1348,128,142,142,0,1.32871413230896,279310
2372,648,64,86,86,0,0.812877893447876,279396
2373,500,64,72,72,0,0.6743588447570801,279468
2374,672,64,93,93,0,0.8758633136749268,279561
2375,3232,256,273,273,0,2.655243158340454,279834
2376,592,64,82,82,0,0.4612417221069336,279916
2377,592,64,82,82,0,0.36245107650756836,279998
2378,1568,128,160,160,0,0.7454078197479248,280158
2379,2652,256,227,227,0,1.0106868743896484,280385
2380,1532,128,156,156,0,0.6943860054016113,280541
2381,740,64,96,96,0,0.4254775047302246,280637
2382,820,64,106,106,0,0.50191330909729,280743
2383,1516,128,157,157,0,0.7454347610473633,280900
2384,1620,128,163,163,0,0.7416656017303467,281063
2385,588,64,82,82,0,0.3639707565307617,281145
2386,392,64,57,57,0,0.2548329830169678,281202
2387,1860,128,189,189,0,0.8976449966430664,281391
2388,1064,128,116,116,0,0.5628759860992432,281507
2389,912,64,112,112,0,0.5475261211395264,281619
2390,1348,128,139,139,0,0.6409237384796143,281758
2391,1024,128,110,110,0,0.49613428115844727,281868
2392,592,64,82,82,0,0.367717981338501,281950
2393,656,64,90,90,0,0.4111652374267578,282040
2394,624,64,86,86,0,0.38721466064453125,282126
2395,728,64,98,98,0,0.455883264541626,282224
2396,1396,128,143,143,0,0.7026736736297607,282367
2397,916,128,99,99,0,0.4866824150085449,282466
2398,980,64,121,121,0,0.6024537086486816,282587
2399,1416,128,150,150,0,0.7641992568969727,282737
2400,980,128,104,104,0,0.5162243843078613,282841
2401,712,64,94,94,0,0.46498966217041016,282935
2402,644,64,90,90,0,0.44990062713623047,283025
2403,628,64,87,87,0,0.4320719242095947,283112
2404,696,64,92,92,0,0.4575464725494385,283204
2405,1180,128,121,121,0,0.5937399864196777,283325
2406,540,64,75,75,0,0.36751222610473633,283400
2407,544,64,76,76,0,0.371706485748291,283476
2408,380,32,63,63,0,0.3085346221923828,283539
2409,792,64,97,97,0,0.49796009063720703,283636
2410,564,64,78,78,0,0.3875107765197754,283714
2411,688,64,91,91,0,0.4467051029205322,283805
2412,1152,128,125,125,0,0.6198735237121582,283930
2413,580,64,82,82,0,0.40896034240722656,284012
2414,1368,128,143,143,0,0.7229623794555664,284155
2415,348,32,64,64,0,0.32814502716064453,284219
2416,436,32,71,71,0,0.3454437255859375,284290
2417,1044,128,112,112,0,0.5541200637817383,284402
2418,576,64,80,80,0,0.3971750736236572,284482
2419,660,64,88,88,0,0.44414806365966797,284570
2420,1052,128,114,114,0,0.5657410621643066,284684
2421,1524,128,155,155,0,0.7597737312316895,284839
2422,1784,128,169,169,0,0.7898380756378174,285008
2423,584,64,81,81,0,0.3627967834472656,285089
2424,1644,128,168,168,0,0.7574584484100342,285257
2425,1360,128,142,142,0,0.6403694152832031,285399
2426,616,64,82,82,0,0.37114620208740234,285481
2427,2684,256,214,214,0,0.9664716720581055,285695
2428,2320,256,194,194,0,0.9079811573028564,285889
2429,272,32,52,52,0,0.2614881992340088,285941
2430,960,64,114,114,0,0.5598740577697754,286055
2431,580,64,80,80,0,0.39411473274230957,286135
2432,2876,256,240,240,0,1.190739631652832,286375
2433,624,64,86,86,0,0.41146159172058105,286461
2434,636,64,88,88,0,0.39436912536621094,286549
2435,704,64,94,94,0,0.42241811752319336,286643
2436,276,32,53,53,0,0.24071192741394043,286696
2437,724,64,95,95,0,0.42662954330444336,286791
2438,588,64,82,82,0,0.3683030605316162,286873
2439,1028,128,111,111,0,0.5399174690246582,286984
2440,1316,128,136,136,0,0.669320821762085,287120
2441,1136,128,122,122,0,0.5906126499176025,287242
2442,1136,128,122,122,0,0.5912761688232422,287364
2443,2792,256,231,231,0,1.1555333137512207,287595
2444,1060,128,116,116,0,0.5948746204376221,287711
2445,1260,128,136,136,0,0.6728496551513672,287847
2446,1396,128,144,144,0,0.7180783748626709,287991
2447,368,32,63,63,0,0.31117939949035645,288054
2448,592,64,82,82,0,0.4045548439025879,288136
2449,628,64,87,87,0,0.4284696578979492,288223
2450,712,64,93,93,0,0.45963048934936523,288316
2451,1212,128,125,125,0,0.6256363391876221,288441
2452,716,64,96,96,0,0.47501635551452637,288537
2453,808,64,104,104,0,0.5475108623504639,288641
2454,1208,128,125,125,0,0.6255166530609131,288766
2455,516,64,75,75,0,0.37439942359924316,288841
2456,888,64,108,108,0,0.5361683368682861,288949
2457,568,64,78,78,0,0.3873147964477539,289027
2458,264,32,51,51,0,0.2524135112762451,289078
2459,708,64,97,97,0,0.48372626304626465,289175
2460,560,64,79,79,0,0.3906223773956299,289254
2461,768,64,99,99,0,0.5099661350250244,289353
2462,828,64,99,99,0,0.5063333511352539,289452
2463,1000,128,106,106,0,0.5238077640533447,289558
2464,584,64,81,81,0,0.37852931022644043,289639
2465,1136,128,122,122,0,0.5403168201446533,289761
2466,1280,128,134,134,0,0.593177318572998,289895
2467,1128,128,121,121,0,0.6050949096679688,290016
2468,1372,128,141,141,0,0.7225940227508545,290157
2469,696,64,92,92,0,0.4603910446166992,290249
2470,2348,256,197,197,0,0.9293990135192871,290446
2471,1224,128,127,127,0,0.5592207908630371,290573
2472,1268,128,135,135,0,0.5929951667785645,290708
2473,332,32,61,61,0,0.2705347537994385,290769
2474,1324,128,138,138,0,0.6468415260314941,290907
2475,588,64,81,81,0,0.3990037441253662,290988
2476,996,64,119,119,0,0.5856988430023193,291107
2477,1316,128,136,136,0,0.6805784702301025,291243
2478,904,64,109,109,0,0.5353221893310547,291352
2479,316,32,58,58,0,0.3028535842895508,291410
2480,628,64,87,87,0,0.42642736434936523,291497
2481,748,64,96,96,0,0.4775562286376953,291593
2482,664,64,88,88,0,0.43190574645996094,291681
2483,2760,256,225,225,0,1.1159987449645996,291906
2484,472,32,76,76,0,0.3797574043273926,291982
2485,604,64,84,84,0,0.4357645511627197,292066
2486,872,64,105,105,0,0.5298831462860107,292171
2487,320,32,59,59,0,0.29218435287475586,292230
2488,968,128,102,102,0,0.5099012851715088,292332
2489,436,32,71,71,0,0.3571045398712158,292403
2490,1180,128,128,128,0,0.632230281829834,292531
2491,460,64,67,67,0,0.3362607955932617,292598
2492,2356,256,198,198,0,0.982736349105835,292796
2493,676,64,82,82,0,0.403217077255249,292878
2494,372,32,66,66,0,0.32575225830078125,292944
2495,1296,128,134,134,0,0.6745076179504395,293078
2496,2192,256,188,188,0,0.9366438388824463,293266
2497,2444,256,209,209,0,1.052339792251587,293475
2498,636,64,88,88,0,0.4364755153656006,293563
2499,252,32,50,50,0,0.250030517578125,293613
2500,732,64,97,97,0,0.48773932456970215,293710
2501,1164,128,125,125,0,0.6313309669494629,293835
2502,920,64,109,109,0,0.537614107131958,293944
2503,1340,128,138,138,0,0.6857593059539795,294082
2504,1396,128,147,147,0,0.7331039905548096,294229
2505,1280,128,131,131,0,0.6418161392211914,294360
2506,856,64,107,107,0,0.5498592853546143,294467
2507,1312,128,137,137,0,0.6667511463165283,294604
2508,560,64,76,76,0,0.3797187805175781,294680
2509,1016,128,109,109,0,0.5504617691040039,294789
2510,1132,128,124,124,0,0.6085820198059082,294913
2511,812,64,101,101,0,0.5101132392883301,295014
2512,1556,128,159,159,0,0.7831335067749023,295173
2513,604,64,84,84,0,0.3648850917816162,295257
2514,612,64,84,84,0,0.366652250289917,295341
2515,140,16,39,39,0,0.1688227653503418,295380
2516,1156,128,117,117,0,0.5675868988037109,295497
2517,2096,256,178,178,0,0.9232652187347412,295675
2518,1308,128,137,137,0,0.6913833618164062,295812
2519,1068,128,116,116,0,0.5741283893585205,295928
2520,1172,128,120,120,0,0.5950796604156494,296048
2521,2624,256,223,223,0,1.1049020290374756,296271
2522,1584,128,159,159,0,0.8062553405761719,296430
2523,1252,128,130,130,0,0.6406924724578857,296560
2524,1380,128,146,146,0,0.7168142795562744,296706
2525,708,64,94,94,0,0.46390509605407715,296800
2526,640,64,87,87,0,0.43419981002807617,296887
2527,1356,128,141,141,0,0.7066218852996826,297028
2528,2256,256,197,197,0,0.8910834789276123,297225
2529,304,32,58,58,0,0.2512691020965576,297283
2530,1372,128,144,144,0,0.6277949810028076,297427
2531,1196,128,122,122,0,0.5381596088409424,297549
2532,576,64,79,79,0,0.34554004669189453,297628
2533,1176,64,133,133,0,0.5962390899658203,297761
2534,1192,128,130,130,0,0.5795488357543945,297891
2535,2656,256,226,226,0,1.089724063873291,298117
2536,700,64,93,93,0,0.43111419677734375,298210
2537,1064,128,116,116,0,0.5136973857879639,298326
2538,780,64,102,102,0,0.45424604415893555,298428
2539,596,64,83,83,0,0.36727285385131836,298511
2540,1028,128,111,111,0,0.515714168548584,298622
2541,732,64,97,97,0,0.4327549934387207,298719
2542,624,64,86,86,0,0.3824880123138428,298805
2543,1092,128,116,116,0,0.5325398445129395,298921
2544,932,128,100,100,0,0.44234466552734375,299021
2545,2384,256,201,201,0,0.8942244052886963,299222
2546,920,128,101,101,0,0.44735145568847656,299323
2547,624,64,86,86,0,0.38303327560424805,299409
2548,824,64,107,107,0,0.5239148139953613,299516
2549,700,64,93,93,0,0.46291255950927734,299609
2550,992,128,107,107,0,0.5326030254364014,299716
2551,592,64,82,82,0,0.40946102142333984,299798
